Sample,ATTRIBUTE_MEDIA,ATTRIBUTE_STRAIN,ATTRIBUTE_SPECIES,ATTRIBUTE_STRAIN_SPECIES,ATTRIBUTE_CONCAT,ATTRIBUTE_PRODUCER,ATTRIBUTE_CONCAT2,ATTRIBUTE_RELATED,ATTRIBUTE_contig00091_410,ATTRIBUTE_contig00027_14251,ATTRIBUTE_contig00002_28716,ATTRIBUTE_contig00123_166,ATTRIBUTE_contig0000,ATTRIBUTE_contig00004_13210,ATTRIBUTE_contig00004_68867,ATTRIBUTE_contig00123_194,ATTRIBUTE_contig00007_66767,ATTRIBUTE_contig00008_15374,ATTRIBUTE_contig00069_1691,ATTRIBUTE_contig00085_873,ATTRIBUTE_contig00086_409,ATTRIBUTE_contig00053_112,ATTRIBUTE_contig00003_74770,ATTRIBUTE_contig00003_74780,ATTRIBUTE_contig00006_71013,ATTRIBUTE_contig00009_16439,ATTRIBUTE_contig00019_16626,ATTRIBUTE_contig00023_159,ATTRIBUTE_contig00003_38143,ATTRIBUTE_contig00003_38163,ATTRIBUTE_contig00003_38243,ATTRIBUTE_contig00003_38261,ATTRIBUTE_contig00003_38267,ATTRIBUTE_contig00004_13148,ATTRIBUTE_contig00091_156,ATTRIBUTE_contig00091_187,ATTRIBUTE_contig00091_200,ATTRIBUTE_contig00091_261,ATTRIBUTE_contig00108_266,ATTRIBUTE_contig00108_274,ATTRIBUTE_contig00002_31117,ATTRIBUTE_contig00002_31287,ATTRIBUTE_contig00030_3574,ATTRIBUTE_contig00001_137804,ATTRIBUTE_contig00022_5520,ATTRIBUTE_contig00025_6241
DS001C_MRS_Blank_1_HILICMSneg_20231023.d,MRS,Blank,Blank,Blank,MRS_Blank,Blank,MRS_Blank,Media Blank,Not Related,Not Related,Not Related,Not Related,Not Related,Not Related,Not Related,Not Related,Not Related,Not Related,Not Related,Not Related,Not Related,Not Related,Not Related,Not Related,Not Related,Not Related,Not Related,Not Related,Not Related,Not Related,Not Related,Not Related,Not Related,Not Related,Not Related,Not Related,Not Related,Not Related,Not Related,Not Related,Not Related,Not Related,Not Related,Not Related,Not Related,Not Related
DS001C_MRS_Blank_2_HILICMSneg_20231023.d,MRS,Blank,Blank,Blank,MRS_Blank,Blank,MRS_Blank,Media Blank,Not Related,Not Related,Not Related,Not Related,Not Related,Not Related,Not Related,Not Related,Not Related,Not Related,Not Related,Not Related,Not Related,Not Related,Not Related,Not Related,Not Related,Not Related,Not Related,Not Related,Not Related,Not Related,Not Related,Not Related,Not Related,Not Related,Not Related,Not Related,Not Related,Not Related,Not Related,Not Related,Not Related,Not Related,Not Related,Not Related,Not Related,Not Related
DS001C_MRS_Blank_3_HILICMSneg_20231023.d,MRS,Blank,Blank,Blank,MRS_Blank,Blank,MRS_Blank,Media Blank,Not Related,Not Related,Not Related,Not Related,Not Related,Not Related,Not Related,Not Related,Not Related,Not Related,Not Related,Not Related,Not Related,Not Related,Not Related,Not Related,Not Related,Not Related,Not Related,Not Related,Not Related,Not Related,Not Related,Not Related,Not Related,Not Related,Not Related,Not Related,Not Related,Not Related,Not Related,Not Related,Not Related,Not Related,Not Related,Not Related,Not Related,Not Related
DS001C_MRS_Blank_4_HILICMSneg_20231023.d,MRS,Blank,Blank,Blank,MRS_Blank,Blank,MRS_Blank,Media Blank,Not Related,Not Related,Not Related,Not Related,Not Related,Not Related,Not Related,Not Related,Not Related,Not Related,Not Related,Not Related,Not Related,Not Related,Not Related,Not Related,Not Related,Not Related,Not Related,Not Related,Not Related,Not Related,Not Related,Not Related,Not Related,Not Related,Not Related,Not Related,Not Related,Not Related,Not Related,Not Related,Not Related,Not Related,Not Related,Not Related,Not Related,Not Related
DS001C_MRS_Blank_5_HILICMSneg_20231023.d,MRS,Blank,Blank,Blank,MRS_Blank,Blank,MRS_Blank,Media Blank,Not Related,Not Related,Not Related,Not Related,Not Related,Not Related,Not Related,Not Related,Not Related,Not Related,Not Related,Not Related,Not Related,Not Related,Not Related,Not Related,Not Related,Not Related,Not Related,Not Related,Not Related,Not Related,Not Related,Not Related,Not Related,Not Related,Not Related,Not Related,Not Related,Not Related,Not Related,Not Related,Not Related,Not Related,Not Related,Not Related,Not Related,Not Related
DS001C_MRS_Blank_6_HILICMSneg_20231023.d,MRS,Blank,Blank,Blank,MRS_Blank,Blank,MRS_Blank,Media Blank,Not Related,Not Related,Not Related,Not Related,Not Related,Not Related,Not Related,Not Related,Not Related,Not Related,Not Related,Not Related,Not Related,Not Related,Not Related,Not Related,Not Related,Not Related,Not Related,Not Related,Not Related,Not Related,Not Related,Not Related,Not Related,Not Related,Not Related,Not Related,Not Related,Not Related,Not Related,Not Related,Not Related,Not Related,Not Related,Not Related,Not Related,Not Related
DS001C_MRS_LGG_1_HILICMSneg_20231023.d,MRS,LGG,Lacticaseibacillus rhamnosus,Lacticaseibacillus rhamnosus_GG,MRS_LGG,COMMERCIAL_STRAINS_CONSUMER,MRS_COMMERCIAL_STRAINS_CONSUMER,Commercial Strains,Not Related,Not Related,Not Related,Not Related,Not Related,Not Related,Not Related,Not Related,Not Related,Not Related,Not Related,Not Related,Not Related,Not Related,Not Related,Not Related,Not Related,Not Related,Not Related,Not Related,Not Related,Not Related,Not Related,Not Related,Not Related,Not Related,Not Related,Not Related,Not Related,Not Related,Not Related,Not Related,Not Related,Not Related,Not Related,Not Related,Not Related,Not Related
DS001C_MRS_LGG_2_HILICMSneg_20231023.d,MRS,LGG,Lacticaseibacillus rhamnosus,Lacticaseibacillus rhamnosus_GG,MRS_LGG,COMMERCIAL_STRAINS_CONSUMER,MRS_COMMERCIAL_STRAINS_CONSUMER,Commercial Strains,Not Related,Not Related,Not Related,Not Related,Not Related,Not Related,Not Related,Not Related,Not Related,Not Related,Not Related,Not Related,Not Related,Not Related,Not Related,Not Related,Not Related,Not Related,Not Related,Not Related,Not Related,Not Related,Not Related,Not Related,Not Related,Not Related,Not Related,Not Related,Not Related,Not Related,Not Related,Not Related,Not Related,Not Related,Not Related,Not Related,Not Related,Not Related
DS001C_MRS_LGG_3_HILICMSneg_20231023.d,MRS,LGG,Lacticaseibacillus rhamnosus,Lacticaseibacillus rhamnosus_GG,MRS_LGG,COMMERCIAL_STRAINS_CONSUMER,MRS_COMMERCIAL_STRAINS_CONSUMER,Commercial Strains,Not Related,Not Related,Not Related,Not Related,Not Related,Not Related,Not Related,Not Related,Not Related,Not Related,Not Related,Not Related,Not Related,Not Related,Not Related,Not Related,Not Related,Not Related,Not Related,Not Related,Not Related,Not Related,Not Related,Not Related,Not Related,Not Related,Not Related,Not Related,Not Related,Not Related,Not Related,Not Related,Not Related,Not Related,Not Related,Not Related,Not Related,Not Related
DS001C_MRS_LGG_4_HILICMSneg_20231023.d,MRS,LGG,Lacticaseibacillus rhamnosus,Lacticaseibacillus rhamnosus_GG,MRS_LGG,COMMERCIAL_STRAINS_CONSUMER,MRS_COMMERCIAL_STRAINS_CONSUMER,Commercial Strains,Not Related,Not Related,Not Related,Not Related,Not Related,Not Related,Not Related,Not Related,Not Related,Not Related,Not Related,Not Related,Not Related,Not Related,Not Related,Not Related,Not Related,Not Related,Not Related,Not Related,Not Related,Not Related,Not Related,Not Related,Not Related,Not Related,Not Related,Not Related,Not Related,Not Related,Not Related,Not Related,Not Related,Not Related,Not Related,Not Related,Not Related,Not Related
DS001C_MRS_LGG_5_HILICMSneg_20231023.d,MRS,LGG,Lacticaseibacillus rhamnosus,Lacticaseibacillus rhamnosus_GG,MRS_LGG,COMMERCIAL_STRAINS_CONSUMER,MRS_COMMERCIAL_STRAINS_CONSUMER,Commercial Strains,Not Related,Not Related,Not Related,Not Related,Not Related,Not Related,Not Related,Not Related,Not Related,Not Related,Not Related,Not Related,Not Related,Not Related,Not Related,Not Related,Not Related,Not Related,Not Related,Not Related,Not Related,Not Related,Not Related,Not Related,Not Related,Not Related,Not Related,Not Related,Not Related,Not Related,Not Related,Not Related,Not Related,Not Related,Not Related,Not Related,Not Related,Not Related
DS001C_MRS_LGG_6_HILICMSneg_20231023.d,MRS,LGG,Lacticaseibacillus rhamnosus,Lacticaseibacillus rhamnosus_GG,MRS_LGG,COMMERCIAL_STRAINS_CONSUMER,MRS_COMMERCIAL_STRAINS_CONSUMER,Commercial Strains,Not Related,Not Related,Not Related,Not Related,Not Related,Not Related,Not Related,Not Related,Not Related,Not Related,Not Related,Not Related,Not Related,Not Related,Not Related,Not Related,Not Related,Not Related,Not Related,Not Related,Not Related,Not Related,Not Related,Not Related,Not Related,Not Related,Not Related,Not Related,Not Related,Not Related,Not Related,Not Related,Not Related,Not Related,Not Related,Not Related,Not Related,Not Related
DS001C_MRS_RC-14_1_HILICMSneg_20231023.d,MRS,RC-14,Limosilactobacillus reuteri,Limosilactobacillus reuteri_RC-14,MRS_RC-14,COMMERCIAL_STRAINS_PRODUCER,MRS_COMMERCIAL_STRAINS_PRODUCER,Commercial Strains,Not Related,Not Related,Not Related,Not Related,Not Related,Not Related,Not Related,Not Related,Not Related,Not Related,Not Related,Not Related,Not Related,Not Related,Not Related,Not Related,Not Related,Not Related,Not Related,Not Related,Not Related,Not Related,Not Related,Not Related,Not Related,Not Related,Not Related,Not Related,Not Related,Not Related,Not Related,Not Related,Not Related,Not Related,Not Related,Not Related,Not Related,Not Related
DS001C_MRS_RC-14_2_HILICMSneg_20231023.d,MRS,RC-14,Limosilactobacillus reuteri,Limosilactobacillus reuteri_RC-14,MRS_RC-14,COMMERCIAL_STRAINS_PRODUCER,MRS_COMMERCIAL_STRAINS_PRODUCER,Commercial Strains,Not Related,Not Related,Not Related,Not Related,Not Related,Not Related,Not Related,Not Related,Not Related,Not Related,Not Related,Not Related,Not Related,Not Related,Not Related,Not Related,Not Related,Not Related,Not Related,Not Related,Not Related,Not Related,Not Related,Not Related,Not Related,Not Related,Not Related,Not Related,Not Related,Not Related,Not Related,Not Related,Not Related,Not Related,Not Related,Not Related,Not Related,Not Related
DS001C_MRS_RC-14_3_HILICMSneg_20231023.d,MRS,RC-14,Limosilactobacillus reuteri,Limosilactobacillus reuteri_RC-14,MRS_RC-14,COMMERCIAL_STRAINS_PRODUCER,MRS_COMMERCIAL_STRAINS_PRODUCER,Commercial Strains,Not Related,Not Related,Not Related,Not Related,Not Related,Not Related,Not Related,Not Related,Not Related,Not Related,Not Related,Not Related,Not Related,Not Related,Not Related,Not Related,Not Related,Not Related,Not Related,Not Related,Not Related,Not Related,Not Related,Not Related,Not Related,Not Related,Not Related,Not Related,Not Related,Not Related,Not Related,Not Related,Not Related,Not Related,Not Related,Not Related,Not Related,Not Related
DS001C_MRS_RC-14_4_HILICMSneg_20231023.d,MRS,RC-14,Limosilactobacillus reuteri,Limosilactobacillus reuteri_RC-14,MRS_RC-14,COMMERCIAL_STRAINS_PRODUCER,MRS_COMMERCIAL_STRAINS_PRODUCER,Commercial Strains,Not Related,Not Related,Not Related,Not Related,Not Related,Not Related,Not Related,Not Related,Not Related,Not Related,Not Related,Not Related,Not Related,Not Related,Not Related,Not Related,Not Related,Not Related,Not Related,Not Related,Not Related,Not Related,Not Related,Not Related,Not Related,Not Related,Not Related,Not Related,Not Related,Not Related,Not Related,Not Related,Not Related,Not Related,Not Related,Not Related,Not Related,Not Related
DS001C_MRS_RC-14_5_HILICMSneg_20231023.d,MRS,RC-14,Limosilactobacillus reuteri,Limosilactobacillus reuteri_RC-14,MRS_RC-14,COMMERCIAL_STRAINS_PRODUCER,MRS_COMMERCIAL_STRAINS_PRODUCER,Commercial Strains,Not Related,Not Related,Not Related,Not Related,Not Related,Not Related,Not Related,Not Related,Not Related,Not Related,Not Related,Not Related,Not Related,Not Related,Not Related,Not Related,Not Related,Not Related,Not Related,Not Related,Not Related,Not Related,Not Related,Not Related,Not Related,Not Related,Not Related,Not Related,Not Related,Not Related,Not Related,Not Related,Not Related,Not Related,Not Related,Not Related,Not Related,Not Related
DS001C_MRS_RC-14_6_HILICMSneg_20231023.d,MRS,RC-14,Limosilactobacillus reuteri,Limosilactobacillus reuteri_RC-14,MRS_RC-14,COMMERCIAL_STRAINS_PRODUCER,MRS_COMMERCIAL_STRAINS_PRODUCER,Commercial Strains,Not Related,Not Related,Not Related,Not Related,Not Related,Not Related,Not Related,Not Related,Not Related,Not Related,Not Related,Not Related,Not Related,Not Related,Not Related,Not Related,Not Related,Not Related,Not Related,Not Related,Not Related,Not Related,Not Related,Not Related,Not Related,Not Related,Not Related,Not Related,Not Related,Not Related,Not Related,Not Related,Not Related,Not Related,Not Related,Not Related,Not Related,Not Related
DS001C_MRS_V1061_1_HILICMSneg_20231023.d,MRS,V1061,Streptococcus agalactiae,Streptococcus agalactiae_AMBV1061,MRS_V1061,BAD_GROWERS_Streptococcaceae,MRS_BAD_GROWERS_Streptococcaceae,Streptococcus,Not Related,Not Related,Not Related,Not Related,Not Related,Not Related,Not Related,Not Related,Not Related,Not Related,Not Related,Not Related,Not Related,Not Related,Not Related,Not Related,Not Related,Not Related,Not Related,Not Related,Not Related,Not Related,Not Related,Not Related,Not Related,Not Related,Not Related,Not Related,Not Related,Not Related,Not Related,Not Related,Not Related,Not Related,Not Related,Not Related,Not Related,Not Related
DS001C_MRS_V1061_2_HILICMSneg_20231023.d,MRS,V1061,Streptococcus agalactiae,Streptococcus agalactiae_AMBV1061,MRS_V1061,BAD_GROWERS_Streptococcaceae,MRS_BAD_GROWERS_Streptococcaceae,Streptococcus,Not Related,Not Related,Not Related,Not Related,Not Related,Not Related,Not Related,Not Related,Not Related,Not Related,Not Related,Not Related,Not Related,Not Related,Not Related,Not Related,Not Related,Not Related,Not Related,Not Related,Not Related,Not Related,Not Related,Not Related,Not Related,Not Related,Not Related,Not Related,Not Related,Not Related,Not Related,Not Related,Not Related,Not Related,Not Related,Not Related,Not Related,Not Related
DS001C_MRS_V1061_3_HILICMSneg_20231023.d,MRS,V1061,Streptococcus agalactiae,Streptococcus agalactiae_AMBV1061,MRS_V1061,BAD_GROWERS_Streptococcaceae,MRS_BAD_GROWERS_Streptococcaceae,Streptococcus,Not Related,Not Related,Not Related,Not Related,Not Related,Not Related,Not Related,Not Related,Not Related,Not Related,Not Related,Not Related,Not Related,Not Related,Not Related,Not Related,Not Related,Not Related,Not Related,Not Related,Not Related,Not Related,Not Related,Not Related,Not Related,Not Related,Not Related,Not Related,Not Related,Not Related,Not Related,Not Related,Not Related,Not Related,Not Related,Not Related,Not Related,Not Related
DS001C_MRS_V1061_4_HILICMSneg_20231023.d,MRS,V1061,Streptococcus agalactiae,Streptococcus agalactiae_AMBV1061,MRS_V1061,BAD_GROWERS_Streptococcaceae,MRS_BAD_GROWERS_Streptococcaceae,Streptococcus,Not Related,Not Related,Not Related,Not Related,Not Related,Not Related,Not Related,Not Related,Not Related,Not Related,Not Related,Not Related,Not Related,Not Related,Not Related,Not Related,Not Related,Not Related,Not Related,Not Related,Not Related,Not Related,Not Related,Not Related,Not Related,Not Related,Not Related,Not Related,Not Related,Not Related,Not Related,Not Related,Not Related,Not Related,Not Related,Not Related,Not Related,Not Related
DS001C_MRS_V1061_5_HILICMSneg_20231023.d,MRS,V1061,Streptococcus agalactiae,Streptococcus agalactiae_AMBV1061,MRS_V1061,BAD_GROWERS_Streptococcaceae,MRS_BAD_GROWERS_Streptococcaceae,Streptococcus,Not Related,Not Related,Not Related,Not Related,Not Related,Not Related,Not Related,Not Related,Not Related,Not Related,Not Related,Not Related,Not Related,Not Related,Not Related,Not Related,Not Related,Not Related,Not Related,Not Related,Not Related,Not Related,Not Related,Not Related,Not Related,Not Related,Not Related,Not Related,Not Related,Not Related,Not Related,Not Related,Not Related,Not Related,Not Related,Not Related,Not Related,Not Related
DS001C_MRS_V1061_6_HILICMSneg_20231023.d,MRS,V1061,Streptococcus agalactiae,Streptococcus agalactiae_AMBV1061,MRS_V1061,BAD_GROWERS_Streptococcaceae,MRS_BAD_GROWERS_Streptococcaceae,Streptococcus,Not Related,Not Related,Not Related,Not Related,Not Related,Not Related,Not Related,Not Related,Not Related,Not Related,Not Related,Not Related,Not Related,Not Related,Not Related,Not Related,Not Related,Not Related,Not Related,Not Related,Not Related,Not Related,Not Related,Not Related,Not Related,Not Related,Not Related,Not Related,Not Related,Not Related,Not Related,Not Related,Not Related,Not Related,Not Related,Not Related,Not Related,Not Related
DS001C_MRS_V195_1_HILICMSneg_20231023.d,MRS,V195,Streptococcus agalactiae,Streptococcus agalactiae_AMBV195,MRS_V195,BAD_GROWERS_Streptococcaceae,MRS_BAD_GROWERS_Streptococcaceae,Streptococcus,Not Related,Not Related,Not Related,Not Related,Not Related,Not Related,Not Related,Not Related,Not Related,Not Related,Not Related,Not Related,Not Related,Not Related,Not Related,Not Related,Not Related,Not Related,Not Related,Not Related,Not Related,Not Related,Not Related,Not Related,Not Related,Not Related,Not Related,Not Related,Not Related,Not Related,Not Related,Not Related,Not Related,Not Related,Not Related,Not Related,Not Related,Not Related
DS001C_MRS_V195_2_HILICMSneg_20231023.d,MRS,V195,Streptococcus agalactiae,Streptococcus agalactiae_AMBV195,MRS_V195,BAD_GROWERS_Streptococcaceae,MRS_BAD_GROWERS_Streptococcaceae,Streptococcus,Not Related,Not Related,Not Related,Not Related,Not Related,Not Related,Not Related,Not Related,Not Related,Not Related,Not Related,Not Related,Not Related,Not Related,Not Related,Not Related,Not Related,Not Related,Not Related,Not Related,Not Related,Not Related,Not Related,Not Related,Not Related,Not Related,Not Related,Not Related,Not Related,Not Related,Not Related,Not Related,Not Related,Not Related,Not Related,Not Related,Not Related,Not Related
DS001C_MRS_V195_3_HILICMSneg_20231023.d,MRS,V195,Streptococcus agalactiae,Streptococcus agalactiae_AMBV195,MRS_V195,BAD_GROWERS_Streptococcaceae,MRS_BAD_GROWERS_Streptococcaceae,Streptococcus,Not Related,Not Related,Not Related,Not Related,Not Related,Not Related,Not Related,Not Related,Not Related,Not Related,Not Related,Not Related,Not Related,Not Related,Not Related,Not Related,Not Related,Not Related,Not Related,Not Related,Not Related,Not Related,Not Related,Not Related,Not Related,Not Related,Not Related,Not Related,Not Related,Not Related,Not Related,Not Related,Not Related,Not Related,Not Related,Not Related,Not Related,Not Related
DS001C_MRS_V195_4_HILICMSneg_20231023.d,MRS,V195,Streptococcus agalactiae,Streptococcus agalactiae_AMBV195,MRS_V195,BAD_GROWERS_Streptococcaceae,MRS_BAD_GROWERS_Streptococcaceae,Streptococcus,Not Related,Not Related,Not Related,Not Related,Not Related,Not Related,Not Related,Not Related,Not Related,Not Related,Not Related,Not Related,Not Related,Not Related,Not Related,Not Related,Not Related,Not Related,Not Related,Not Related,Not Related,Not Related,Not Related,Not Related,Not Related,Not Related,Not Related,Not Related,Not Related,Not Related,Not Related,Not Related,Not Related,Not Related,Not Related,Not Related,Not Related,Not Related
DS001C_MRS_V195_5_HILICMSneg_20231023.d,MRS,V195,Streptococcus agalactiae,Streptococcus agalactiae_AMBV195,MRS_V195,BAD_GROWERS_Streptococcaceae,MRS_BAD_GROWERS_Streptococcaceae,Streptococcus,Not Related,Not Related,Not Related,Not Related,Not Related,Not Related,Not Related,Not Related,Not Related,Not Related,Not Related,Not Related,Not Related,Not Related,Not Related,Not Related,Not Related,Not Related,Not Related,Not Related,Not Related,Not Related,Not Related,Not Related,Not Related,Not Related,Not Related,Not Related,Not Related,Not Related,Not Related,Not Related,Not Related,Not Related,Not Related,Not Related,Not Related,Not Related
DS001C_MRS_V195_6_HILICMSneg_20231023.d,MRS,V195,Streptococcus agalactiae,Streptococcus agalactiae_AMBV195,MRS_V195,BAD_GROWERS_Streptococcaceae,MRS_BAD_GROWERS_Streptococcaceae,Streptococcus,Not Related,Not Related,Not Related,Not Related,Not Related,Not Related,Not Related,Not Related,Not Related,Not Related,Not Related,Not Related,Not Related,Not Related,Not Related,Not Related,Not Related,Not Related,Not Related,Not Related,Not Related,Not Related,Not Related,Not Related,Not Related,Not Related,Not Related,Not Related,Not Related,Not Related,Not Related,Not Related,Not Related,Not Related,Not Related,Not Related,Not Related,Not Related
DS001C_MRS_V336_1_HILICMSneg_20231023.d,MRS,V336,Limosilactobacillus reuteri,Limosilactobacillus reuteri_AMBV336,MRS_V336,RELATED_BAD PRODUCER,MRS_RELATED_BAD PRODUCER,Related,T,T,A,T,C,None,G,C,A,T,C,A,G,A,A,A,G,G,C,A,T,C,A,G,T,T,C,C,A,T,G,C,G,T,C,G,C,C
DS001C_MRS_V336_2_HILICMSneg_20231023.d,MRS,V336,Limosilactobacillus reuteri,Limosilactobacillus reuteri_AMBV336,MRS_V336,RELATED_BAD PRODUCER,MRS_RELATED_BAD PRODUCER,Related,T,T,A,T,C,None,G,C,A,T,C,A,G,A,A,A,G,G,C,A,T,C,A,G,T,T,C,C,A,T,G,C,G,T,C,G,C,C
DS001C_MRS_V336_3_HILICMSneg_20231023.d,MRS,V336,Limosilactobacillus reuteri,Limosilactobacillus reuteri_AMBV336,MRS_V336,RELATED_BAD PRODUCER,MRS_RELATED_BAD PRODUCER,Related,T,T,A,T,C,None,G,C,A,T,C,A,G,A,A,A,G,G,C,A,T,C,A,G,T,T,C,C,A,T,G,C,G,T,C,G,C,C
DS001C_MRS_V336_4_HILICMSneg_20231023.d,MRS,V336,Limosilactobacillus reuteri,Limosilactobacillus reuteri_AMBV336,MRS_V336,RELATED_BAD PRODUCER,MRS_RELATED_BAD PRODUCER,Related,T,T,A,T,C,None,G,C,A,T,C,A,G,A,A,A,G,G,C,A,T,C,A,G,T,T,C,C,A,T,G,C,G,T,C,G,C,C
DS001C_MRS_V336_5_HILICMSneg_20231023.d,MRS,V336,Limosilactobacillus reuteri,Limosilactobacillus reuteri_AMBV336,MRS_V336,RELATED_BAD PRODUCER,MRS_RELATED_BAD PRODUCER,Related,T,T,A,T,C,None,G,C,A,T,C,A,G,A,A,A,G,G,C,A,T,C,A,G,T,T,C,C,A,T,G,C,G,T,C,G,C,C
DS001C_MRS_V336_6_HILICMSneg_20231023.d,MRS,V336,Limosilactobacillus reuteri,Limosilactobacillus reuteri_AMBV336,MRS_V336,RELATED_BAD PRODUCER,MRS_RELATED_BAD PRODUCER,Related,T,T,A,T,C,None,G,C,A,T,C,A,G,A,A,A,G,G,C,A,T,C,A,G,T,T,C,C,A,T,G,C,G,T,C,G,C,C
DS001C_MRS_V339_1_HILICMSneg_20231023.d,MRS,V339,Limosilactobacillus reuteri,Limosilactobacillus reuteri_AMBV339,MRS_V339,RELATED_SUPER PRODUCER,MRS_RELATED_SUPER PRODUCER,Related,T,T,A,T,C,T,T,T,G,C,T,G,A,A,A,A,G,G,C,A,T,C,A,G,T,T,C,C,A,T,G,C,G,T,C,G,C,C
DS001C_MRS_V339_2_HILICMSneg_20231023.d,MRS,V339,Limosilactobacillus reuteri,Limosilactobacillus reuteri_AMBV339,MRS_V339,RELATED_SUPER PRODUCER,MRS_RELATED_SUPER PRODUCER,Related,T,T,A,T,C,T,T,T,G,C,T,G,A,A,A,A,G,G,C,A,T,C,A,G,T,T,C,C,A,T,G,C,G,T,C,G,C,C
DS001C_MRS_V339_3_HILICMSneg_20231023.d,MRS,V339,Limosilactobacillus reuteri,Limosilactobacillus reuteri_AMBV339,MRS_V339,RELATED_SUPER PRODUCER,MRS_RELATED_SUPER PRODUCER,Related,T,T,A,T,C,T,T,T,G,C,T,G,A,A,A,A,G,G,C,A,T,C,A,G,T,T,C,C,A,T,G,C,G,T,C,G,C,C
DS001C_MRS_V339_4_HILICMSneg_20231023.d,MRS,V339,Limosilactobacillus reuteri,Limosilactobacillus reuteri_AMBV339,MRS_V339,RELATED_SUPER PRODUCER,MRS_RELATED_SUPER PRODUCER,Related,T,T,A,T,C,T,T,T,G,C,T,G,A,A,A,A,G,G,C,A,T,C,A,G,T,T,C,C,A,T,G,C,G,T,C,G,C,C
DS001C_MRS_V339_5_HILICMSneg_20231023.d,MRS,V339,Limosilactobacillus reuteri,Limosilactobacillus reuteri_AMBV339,MRS_V339,RELATED_SUPER PRODUCER,MRS_RELATED_SUPER PRODUCER,Related,T,T,A,T,C,T,T,T,G,C,T,G,A,A,A,A,G,G,C,A,T,C,A,G,T,T,C,C,A,T,G,C,G,T,C,G,C,C
DS001C_MRS_V339_6_HILICMSneg_20231023.d,MRS,V339,Limosilactobacillus reuteri,Limosilactobacillus reuteri_AMBV339,MRS_V339,RELATED_SUPER PRODUCER,MRS_RELATED_SUPER PRODUCER,Related,T,T,A,T,C,T,T,T,G,C,T,G,A,A,A,A,G,G,C,A,T,C,A,G,T,T,C,C,A,T,G,C,G,T,C,G,C,C
DS001C_MRS_V347_1_HILICMSneg_20231023.d,MRS,V347,Limosilactobacillus reuteri,Limosilactobacillus reuteri_AMBV347,MRS_V347,RELATED_SUPER PRODUCER,MRS_RELATED_SUPER PRODUCER,Related,T,T,A,T,C,T,T,C,A,C,T,A,G,G,C,C,A,A,A,G,T,C,A,G,T,T,C,C,A,T,G,C,G,T,C,G,C,C
DS001C_MRS_V347_2_HILICMSneg_20231023.d,MRS,V347,Limosilactobacillus reuteri,Limosilactobacillus reuteri_AMBV347,MRS_V347,RELATED_SUPER PRODUCER,MRS_RELATED_SUPER PRODUCER,Related,T,T,A,T,C,T,T,C,A,C,T,A,G,G,C,C,A,A,A,G,T,C,A,G,T,T,C,C,A,T,G,C,G,T,C,G,C,C
DS001C_MRS_V347_3_HILICMSneg_20231023.d,MRS,V347,Limosilactobacillus reuteri,Limosilactobacillus reuteri_AMBV347,MRS_V347,RELATED_SUPER PRODUCER,MRS_RELATED_SUPER PRODUCER,Related,T,T,A,T,C,T,T,C,A,C,T,A,G,G,C,C,A,A,A,G,T,C,A,G,T,T,C,C,A,T,G,C,G,T,C,G,C,C
DS001C_MRS_V347_4_HILICMSneg_20231023.d,MRS,V347,Limosilactobacillus reuteri,Limosilactobacillus reuteri_AMBV347,MRS_V347,RELATED_SUPER PRODUCER,MRS_RELATED_SUPER PRODUCER,Related,T,T,A,T,C,T,T,C,A,C,T,A,G,G,C,C,A,A,A,G,T,C,A,G,T,T,C,C,A,T,G,C,G,T,C,G,C,C
DS001C_MRS_V347_5_HILICMSneg_20231023.d,MRS,V347,Limosilactobacillus reuteri,Limosilactobacillus reuteri_AMBV347,MRS_V347,RELATED_SUPER PRODUCER,MRS_RELATED_SUPER PRODUCER,Related,T,T,A,T,C,T,T,C,A,C,T,A,G,G,C,C,A,A,A,G,T,C,A,G,T,T,C,C,A,T,G,C,G,T,C,G,C,C
DS001C_MRS_V347_6_HILICMSneg_20231023.d,MRS,V347,Limosilactobacillus reuteri,Limosilactobacillus reuteri_AMBV347,MRS_V347,RELATED_SUPER PRODUCER,MRS_RELATED_SUPER PRODUCER,Related,T,T,A,T,C,T,T,C,A,C,T,A,G,G,C,C,A,A,A,G,T,C,A,G,T,T,C,C,A,T,G,C,G,T,C,G,C,C
DS001C_MRS_V368_1_HILICMSneg_20231023.d,MRS,V368,Limosilactobacillus reuteri,Limosilactobacillus reuteri_AMBV368,MRS_V368,RELATED_BAD PRODUCER,MRS_RELATED_BAD PRODUCER,Related,T,T,A,T,C,T,G,T,A,C,C,G,G,G,A,A,G,G,C,A,C,T,G,A,G,None,T,G,C,C,A,T,G,T,C,G,C,C
DS001C_MRS_V368_2_HILICMSneg_20231023.d,MRS,V368,Limosilactobacillus reuteri,Limosilactobacillus reuteri_AMBV368,MRS_V368,RELATED_BAD PRODUCER,MRS_RELATED_BAD PRODUCER,Related,T,T,A,T,C,T,G,T,A,C,C,G,G,G,A,A,G,G,C,A,C,T,G,A,G,None,T,G,C,C,A,T,G,T,C,G,C,C
DS001C_MRS_V368_3_HILICMSneg_20231023.d,MRS,V368,Limosilactobacillus reuteri,Limosilactobacillus reuteri_AMBV368,MRS_V368,RELATED_BAD PRODUCER,MRS_RELATED_BAD PRODUCER,Related,T,T,A,T,C,T,G,T,A,C,C,G,G,G,A,A,G,G,C,A,C,T,G,A,G,None,T,G,C,C,A,T,G,T,C,G,C,C
DS001C_MRS_V368_4_HILICMSneg_20231023.d,MRS,V368,Limosilactobacillus reuteri,Limosilactobacillus reuteri_AMBV368,MRS_V368,RELATED_BAD PRODUCER,MRS_RELATED_BAD PRODUCER,Related,T,T,A,T,C,T,G,T,A,C,C,G,G,G,A,A,G,G,C,A,C,T,G,A,G,None,T,G,C,C,A,T,G,T,C,G,C,C
DS001C_MRS_V368_5_HILICMSneg_20231023.d,MRS,V368,Limosilactobacillus reuteri,Limosilactobacillus reuteri_AMBV368,MRS_V368,RELATED_BAD PRODUCER,MRS_RELATED_BAD PRODUCER,Related,T,T,A,T,C,T,G,T,A,C,C,G,G,G,A,A,G,G,C,A,C,T,G,A,G,None,T,G,C,C,A,T,G,T,C,G,C,C
DS001C_MRS_V368_6_HILICMSneg_20231023.d,MRS,V368,Limosilactobacillus reuteri,Limosilactobacillus reuteri_AMBV368,MRS_V368,RELATED_BAD PRODUCER,MRS_RELATED_BAD PRODUCER,Related,T,T,A,T,C,T,G,T,A,C,C,G,G,G,A,A,G,G,C,A,C,T,G,A,G,None,T,G,C,C,A,T,G,T,C,G,C,C
DS001C_MRS_V369_1_HILICMSneg_20231023.d,MRS,V369,Limosilactobacillus reuteri,Limosilactobacillus reuteri_AMBV369,MRS_V369,RELATED_BAD PRODUCER,MRS_RELATED_BAD PRODUCER,Related,T,T,A,T,C,T,G,T,G,C,T,G,G,A,A,A,G,G,C,A,C,T,G,A,G,T,C,C,A,T,A,T,A,A,A,G,C,C
DS001C_MRS_V369_2_HILICMSneg_20231023.d,MRS,V369,Limosilactobacillus reuteri,Limosilactobacillus reuteri_AMBV369,MRS_V369,RELATED_BAD PRODUCER,MRS_RELATED_BAD PRODUCER,Related,T,T,A,T,C,T,G,T,G,C,T,G,G,A,A,A,G,G,C,A,C,T,G,A,G,T,C,C,A,T,A,T,A,A,A,G,C,C
DS001C_MRS_V369_3_HILICMSneg_20231023.d,MRS,V369,Limosilactobacillus reuteri,Limosilactobacillus reuteri_AMBV369,MRS_V369,RELATED_BAD PRODUCER,MRS_RELATED_BAD PRODUCER,Related,T,T,A,T,C,T,G,T,G,C,T,G,G,A,A,A,G,G,C,A,C,T,G,A,G,T,C,C,A,T,A,T,A,A,A,G,C,C
DS001C_MRS_V369_4_HILICMSneg_20231023.d,MRS,V369,Limosilactobacillus reuteri,Limosilactobacillus reuteri_AMBV369,MRS_V369,RELATED_BAD PRODUCER,MRS_RELATED_BAD PRODUCER,Related,T,T,A,T,C,T,G,T,G,C,T,G,G,A,A,A,G,G,C,A,C,T,G,A,G,T,C,C,A,T,A,T,A,A,A,G,C,C
DS001C_MRS_V369_5_HILICMSneg_20231023.d,MRS,V369,Limosilactobacillus reuteri,Limosilactobacillus reuteri_AMBV369,MRS_V369,RELATED_BAD PRODUCER,MRS_RELATED_BAD PRODUCER,Related,T,T,A,T,C,T,G,T,G,C,T,G,G,A,A,A,G,G,C,A,C,T,G,A,G,T,C,C,A,T,A,T,A,A,A,G,C,C
DS001C_MRS_V369_6_HILICMSneg_20231023.d,MRS,V369,Limosilactobacillus reuteri,Limosilactobacillus reuteri_AMBV369,MRS_V369,RELATED_BAD PRODUCER,MRS_RELATED_BAD PRODUCER,Related,T,T,A,T,C,T,G,T,G,C,T,G,G,A,A,A,G,G,C,A,C,T,G,A,G,T,C,C,A,T,A,T,A,A,A,G,C,C
DS001C_MRS_V370_1_HILICMSneg_20231023.d,MRS,V370,Limosilactobacillus reuteri,Limosilactobacillus reuteri_AMBV370,MRS_V370,RELATED_BAD PRODUCER,MRS_RELATED_BAD PRODUCER,Related,C,T,A,T,C,T,G,T,A,C,T,G,G,G,A,A,G,G,C,A,T,C,A,G,T,None,C,C,A,T,G,C,G,T,C,G,C,C
DS001C_MRS_V370_2_HILICMSneg_20231023.d,MRS,V370,Limosilactobacillus reuteri,Limosilactobacillus reuteri_AMBV370,MRS_V370,RELATED_BAD PRODUCER,MRS_RELATED_BAD PRODUCER,Related,C,T,A,T,C,T,G,T,A,C,T,G,G,G,A,A,G,G,C,A,T,C,A,G,T,None,C,C,A,T,G,C,G,T,C,G,C,C
DS001C_MRS_V370_3_HILICMSneg_20231023.d,MRS,V370,Limosilactobacillus reuteri,Limosilactobacillus reuteri_AMBV370,MRS_V370,RELATED_BAD PRODUCER,MRS_RELATED_BAD PRODUCER,Related,C,T,A,T,C,T,G,T,A,C,T,G,G,G,A,A,G,G,C,A,T,C,A,G,T,None,C,C,A,T,G,C,G,T,C,G,C,C
DS001C_MRS_V370_4_HILICMSneg_20231023.d,MRS,V370,Limosilactobacillus reuteri,Limosilactobacillus reuteri_AMBV370,MRS_V370,RELATED_BAD PRODUCER,MRS_RELATED_BAD PRODUCER,Related,C,T,A,T,C,T,G,T,A,C,T,G,G,G,A,A,G,G,C,A,T,C,A,G,T,None,C,C,A,T,G,C,G,T,C,G,C,C
DS001C_MRS_V370_5_HILICMSneg_20231023.d,MRS,V370,Limosilactobacillus reuteri,Limosilactobacillus reuteri_AMBV370,MRS_V370,RELATED_BAD PRODUCER,MRS_RELATED_BAD PRODUCER,Related,C,T,A,T,C,T,G,T,A,C,T,G,G,G,A,A,G,G,C,A,T,C,A,G,T,None,C,C,A,T,G,C,G,T,C,G,C,C
DS001C_MRS_V370_6_HILICMSneg_20231023.d,MRS,V370,Limosilactobacillus reuteri,Limosilactobacillus reuteri_AMBV370,MRS_V370,RELATED_BAD PRODUCER,MRS_RELATED_BAD PRODUCER,Related,C,T,A,T,C,T,G,T,A,C,T,G,G,G,A,A,G,G,C,A,T,C,A,G,T,None,C,C,A,T,G,C,G,T,C,G,C,C
DS001C_MRS_V371_1_HILICMSneg_20231023.d,MRS,V371,Limosilactobacillus reuteri,Limosilactobacillus reuteri_AMBV371,MRS_V371,RELATED_BAD PRODUCER,MRS_RELATED_BAD PRODUCER,Related,T,T,A,T,C,T,G,T,A,C,T,G,G,G,A,A,G,G,C,A,T,C,A,G,T,T,C,C,A,T,G,C,G,T,C,A,T,T
DS001C_MRS_V371_2_HILICMSneg_20231023.d,MRS,V371,Limosilactobacillus reuteri,Limosilactobacillus reuteri_AMBV371,MRS_V371,RELATED_BAD PRODUCER,MRS_RELATED_BAD PRODUCER,Related,T,T,A,T,C,T,G,T,A,C,T,G,G,G,A,A,G,G,C,A,T,C,A,G,T,T,C,C,A,T,G,C,G,T,C,A,T,T
DS001C_MRS_V371_3_HILICMSneg_20231023.d,MRS,V371,Limosilactobacillus reuteri,Limosilactobacillus reuteri_AMBV371,MRS_V371,RELATED_BAD PRODUCER,MRS_RELATED_BAD PRODUCER,Related,T,T,A,T,C,T,G,T,A,C,T,G,G,G,A,A,G,G,C,A,T,C,A,G,T,T,C,C,A,T,G,C,G,T,C,A,T,T
DS001C_MRS_V371_4_HILICMSneg_20231023.d,MRS,V371,Limosilactobacillus reuteri,Limosilactobacillus reuteri_AMBV371,MRS_V371,RELATED_BAD PRODUCER,MRS_RELATED_BAD PRODUCER,Related,T,T,A,T,C,T,G,T,A,C,T,G,G,G,A,A,G,G,C,A,T,C,A,G,T,T,C,C,A,T,G,C,G,T,C,A,T,T
DS001C_MRS_V371_5_HILICMSneg_20231023.d,MRS,V371,Limosilactobacillus reuteri,Limosilactobacillus reuteri_AMBV371,MRS_V371,RELATED_BAD PRODUCER,MRS_RELATED_BAD PRODUCER,Related,T,T,A,T,C,T,G,T,A,C,T,G,G,G,A,A,G,G,C,A,T,C,A,G,T,T,C,C,A,T,G,C,G,T,C,A,T,T
DS001C_MRS_V371_6_HILICMSneg_20231023.d,MRS,V371,Limosilactobacillus reuteri,Limosilactobacillus reuteri_AMBV371,MRS_V371,RELATED_BAD PRODUCER,MRS_RELATED_BAD PRODUCER,Related,T,T,A,T,C,T,G,T,A,C,T,G,G,G,A,A,G,G,C,A,T,C,A,G,T,T,C,C,A,T,G,C,G,T,C,A,T,T
DS001C_MRS-R_Blank_1_HILICMSneg_20231023.d,MRS-R,Blank,Blank,Blank,MRS-R_Blank,Blank,MRS-R_Blank,Media Blank,Not Related,Not Related,Not Related,Not Related,Not Related,Not Related,Not Related,Not Related,Not Related,Not Related,Not Related,Not Related,Not Related,Not Related,Not Related,Not Related,Not Related,Not Related,Not Related,Not Related,Not Related,Not Related,Not Related,Not Related,Not Related,Not Related,Not Related,Not Related,Not Related,Not Related,Not Related,Not Related,Not Related,Not Related,Not Related,Not Related,Not Related,Not Related
DS001C_MRS-R_Blank_2_HILICMSneg_20231023.d,MRS-R,Blank,Blank,Blank,MRS-R_Blank,Blank,MRS-R_Blank,Media Blank,Not Related,Not Related,Not Related,Not Related,Not Related,Not Related,Not Related,Not Related,Not Related,Not Related,Not Related,Not Related,Not Related,Not Related,Not Related,Not Related,Not Related,Not Related,Not Related,Not Related,Not Related,Not Related,Not Related,Not Related,Not Related,Not Related,Not Related,Not Related,Not Related,Not Related,Not Related,Not Related,Not Related,Not Related,Not Related,Not Related,Not Related,Not Related
DS001C_MRS-R_Blank_3_HILICMSneg_20231023.d,MRS-R,Blank,Blank,Blank,MRS-R_Blank,Blank,MRS-R_Blank,Media Blank,Not Related,Not Related,Not Related,Not Related,Not Related,Not Related,Not Related,Not Related,Not Related,Not Related,Not Related,Not Related,Not Related,Not Related,Not Related,Not Related,Not Related,Not Related,Not Related,Not Related,Not Related,Not Related,Not Related,Not Related,Not Related,Not Related,Not Related,Not Related,Not Related,Not Related,Not Related,Not Related,Not Related,Not Related,Not Related,Not Related,Not Related,Not Related
DS001C_MRS-R_Blank_4_HILICMSneg_20231023.d,MRS-R,Blank,Blank,Blank,MRS-R_Blank,Blank,MRS-R_Blank,Media Blank,Not Related,Not Related,Not Related,Not Related,Not Related,Not Related,Not Related,Not Related,Not Related,Not Related,Not Related,Not Related,Not Related,Not Related,Not Related,Not Related,Not Related,Not Related,Not Related,Not Related,Not Related,Not Related,Not Related,Not Related,Not Related,Not Related,Not Related,Not Related,Not Related,Not Related,Not Related,Not Related,Not Related,Not Related,Not Related,Not Related,Not Related,Not Related
DS001C_MRS-R_Blank_5_HILICMSneg_20231023.d,MRS-R,Blank,Blank,Blank,MRS-R_Blank,Blank,MRS-R_Blank,Media Blank,Not Related,Not Related,Not Related,Not Related,Not Related,Not Related,Not Related,Not Related,Not Related,Not Related,Not Related,Not Related,Not Related,Not Related,Not Related,Not Related,Not Related,Not Related,Not Related,Not Related,Not Related,Not Related,Not Related,Not Related,Not Related,Not Related,Not Related,Not Related,Not Related,Not Related,Not Related,Not Related,Not Related,Not Related,Not Related,Not Related,Not Related,Not Related
DS001C_MRS-R_Blank_6_HILICMSneg_20231023.d,MRS-R,Blank,Blank,Blank,MRS-R_Blank,Blank,MRS-R_Blank,Media Blank,Not Related,Not Related,Not Related,Not Related,Not Related,Not Related,Not Related,Not Related,Not Related,Not Related,Not Related,Not Related,Not Related,Not Related,Not Related,Not Related,Not Related,Not Related,Not Related,Not Related,Not Related,Not Related,Not Related,Not Related,Not Related,Not Related,Not Related,Not Related,Not Related,Not Related,Not Related,Not Related,Not Related,Not Related,Not Related,Not Related,Not Related,Not Related
DS001C_MRS-R_LGG_1_HILICMSneg_20231023.d,MRS-R,LGG,Lacticaseibacillus rhamnosus,Lacticaseibacillus rhamnosus_GG,MRS-R_LGG,COMMERCIAL_STRAINS_CONSUMER,MRS-R_COMMERCIAL_STRAINS_CONSUMER,Commercial Strains,Not Related,Not Related,Not Related,Not Related,Not Related,Not Related,Not Related,Not Related,Not Related,Not Related,Not Related,Not Related,Not Related,Not Related,Not Related,Not Related,Not Related,Not Related,Not Related,Not Related,Not Related,Not Related,Not Related,Not Related,Not Related,Not Related,Not Related,Not Related,Not Related,Not Related,Not Related,Not Related,Not Related,Not Related,Not Related,Not Related,Not Related,Not Related
DS001C_MRS-R_LGG_2_HILICMSneg_20231023.d,MRS-R,LGG,Lacticaseibacillus rhamnosus,Lacticaseibacillus rhamnosus_GG,MRS-R_LGG,COMMERCIAL_STRAINS_CONSUMER,MRS-R_COMMERCIAL_STRAINS_CONSUMER,Commercial Strains,Not Related,Not Related,Not Related,Not Related,Not Related,Not Related,Not Related,Not Related,Not Related,Not Related,Not Related,Not Related,Not Related,Not Related,Not Related,Not Related,Not Related,Not Related,Not Related,Not Related,Not Related,Not Related,Not Related,Not Related,Not Related,Not Related,Not Related,Not Related,Not Related,Not Related,Not Related,Not Related,Not Related,Not Related,Not Related,Not Related,Not Related,Not Related
DS001C_MRS-R_LGG_3_HILICMSneg_20231023.d,MRS-R,LGG,Lacticaseibacillus rhamnosus,Lacticaseibacillus rhamnosus_GG,MRS-R_LGG,COMMERCIAL_STRAINS_CONSUMER,MRS-R_COMMERCIAL_STRAINS_CONSUMER,Commercial Strains,Not Related,Not Related,Not Related,Not Related,Not Related,Not Related,Not Related,Not Related,Not Related,Not Related,Not Related,Not Related,Not Related,Not Related,Not Related,Not Related,Not Related,Not Related,Not Related,Not Related,Not Related,Not Related,Not Related,Not Related,Not Related,Not Related,Not Related,Not Related,Not Related,Not Related,Not Related,Not Related,Not Related,Not Related,Not Related,Not Related,Not Related,Not Related
DS001C_MRS-R_LGG_4_HILICMSneg_20231023.d,MRS-R,LGG,Lacticaseibacillus rhamnosus,Lacticaseibacillus rhamnosus_GG,MRS-R_LGG,COMMERCIAL_STRAINS_CONSUMER,MRS-R_COMMERCIAL_STRAINS_CONSUMER,Commercial Strains,Not Related,Not Related,Not Related,Not Related,Not Related,Not Related,Not Related,Not Related,Not Related,Not Related,Not Related,Not Related,Not Related,Not Related,Not Related,Not Related,Not Related,Not Related,Not Related,Not Related,Not Related,Not Related,Not Related,Not Related,Not Related,Not Related,Not Related,Not Related,Not Related,Not Related,Not Related,Not Related,Not Related,Not Related,Not Related,Not Related,Not Related,Not Related
DS001C_MRS-R_LGG_5_HILICMSneg_20231023.d,MRS-R,LGG,Lacticaseibacillus rhamnosus,Lacticaseibacillus rhamnosus_GG,MRS-R_LGG,COMMERCIAL_STRAINS_CONSUMER,MRS-R_COMMERCIAL_STRAINS_CONSUMER,Commercial Strains,Not Related,Not Related,Not Related,Not Related,Not Related,Not Related,Not Related,Not Related,Not Related,Not Related,Not Related,Not Related,Not Related,Not Related,Not Related,Not Related,Not Related,Not Related,Not Related,Not Related,Not Related,Not Related,Not Related,Not Related,Not Related,Not Related,Not Related,Not Related,Not Related,Not Related,Not Related,Not Related,Not Related,Not Related,Not Related,Not Related,Not Related,Not Related
DS001C_MRS-R_LGG_6_HILICMSneg_20231023.d,MRS-R,LGG,Lacticaseibacillus rhamnosus,Lacticaseibacillus rhamnosus_GG,MRS-R_LGG,COMMERCIAL_STRAINS_CONSUMER,MRS-R_COMMERCIAL_STRAINS_CONSUMER,Commercial Strains,Not Related,Not Related,Not Related,Not Related,Not Related,Not Related,Not Related,Not Related,Not Related,Not Related,Not Related,Not Related,Not Related,Not Related,Not Related,Not Related,Not Related,Not Related,Not Related,Not Related,Not Related,Not Related,Not Related,Not Related,Not Related,Not Related,Not Related,Not Related,Not Related,Not Related,Not Related,Not Related,Not Related,Not Related,Not Related,Not Related,Not Related,Not Related
DS001C_MRS-R_RC-14_1_HILICMSneg_20231023.d,MRS-R,RC-14,Limosilactobacillus reuteri,Limosilactobacillus reuteri_RC-14,MRS-R_RC-14,COMMERCIAL_STRAINS_PRODUCER,MRS-R_COMMERCIAL_STRAINS_PRODUCER,Commercial Strains,Not Related,Not Related,Not Related,Not Related,Not Related,Not Related,Not Related,Not Related,Not Related,Not Related,Not Related,Not Related,Not Related,Not Related,Not Related,Not Related,Not Related,Not Related,Not Related,Not Related,Not Related,Not Related,Not Related,Not Related,Not Related,Not Related,Not Related,Not Related,Not Related,Not Related,Not Related,Not Related,Not Related,Not Related,Not Related,Not Related,Not Related,Not Related
DS001C_MRS-R_RC-14_2_HILICMSneg_20231023.d,MRS-R,RC-14,Limosilactobacillus reuteri,Limosilactobacillus reuteri_RC-14,MRS-R_RC-14,COMMERCIAL_STRAINS_PRODUCER,MRS-R_COMMERCIAL_STRAINS_PRODUCER,Commercial Strains,Not Related,Not Related,Not Related,Not Related,Not Related,Not Related,Not Related,Not Related,Not Related,Not Related,Not Related,Not Related,Not Related,Not Related,Not Related,Not Related,Not Related,Not Related,Not Related,Not Related,Not Related,Not Related,Not Related,Not Related,Not Related,Not Related,Not Related,Not Related,Not Related,Not Related,Not Related,Not Related,Not Related,Not Related,Not Related,Not Related,Not Related,Not Related
DS001C_MRS-R_RC-14_3_HILICMSneg_20231023.d,MRS-R,RC-14,Limosilactobacillus reuteri,Limosilactobacillus reuteri_RC-14,MRS-R_RC-14,COMMERCIAL_STRAINS_PRODUCER,MRS-R_COMMERCIAL_STRAINS_PRODUCER,Commercial Strains,Not Related,Not Related,Not Related,Not Related,Not Related,Not Related,Not Related,Not Related,Not Related,Not Related,Not Related,Not Related,Not Related,Not Related,Not Related,Not Related,Not Related,Not Related,Not Related,Not Related,Not Related,Not Related,Not Related,Not Related,Not Related,Not Related,Not Related,Not Related,Not Related,Not Related,Not Related,Not Related,Not Related,Not Related,Not Related,Not Related,Not Related,Not Related
DS001C_MRS-R_RC-14_4_HILICMSneg_20231023.d,MRS-R,RC-14,Limosilactobacillus reuteri,Limosilactobacillus reuteri_RC-14,MRS-R_RC-14,COMMERCIAL_STRAINS_PRODUCER,MRS-R_COMMERCIAL_STRAINS_PRODUCER,Commercial Strains,Not Related,Not Related,Not Related,Not Related,Not Related,Not Related,Not Related,Not Related,Not Related,Not Related,Not Related,Not Related,Not Related,Not Related,Not Related,Not Related,Not Related,Not Related,Not Related,Not Related,Not Related,Not Related,Not Related,Not Related,Not Related,Not Related,Not Related,Not Related,Not Related,Not Related,Not Related,Not Related,Not Related,Not Related,Not Related,Not Related,Not Related,Not Related
DS001C_MRS-R_RC-14_5_HILICMSneg_20231023.d,MRS-R,RC-14,Limosilactobacillus reuteri,Limosilactobacillus reuteri_RC-14,MRS-R_RC-14,COMMERCIAL_STRAINS_PRODUCER,MRS-R_COMMERCIAL_STRAINS_PRODUCER,Commercial Strains,Not Related,Not Related,Not Related,Not Related,Not Related,Not Related,Not Related,Not Related,Not Related,Not Related,Not Related,Not Related,Not Related,Not Related,Not Related,Not Related,Not Related,Not Related,Not Related,Not Related,Not Related,Not Related,Not Related,Not Related,Not Related,Not Related,Not Related,Not Related,Not Related,Not Related,Not Related,Not Related,Not Related,Not Related,Not Related,Not Related,Not Related,Not Related
DS001C_MRS-R_RC-14_6_HILICMSneg_20231023.d,MRS-R,RC-14,Limosilactobacillus reuteri,Limosilactobacillus reuteri_RC-14,MRS-R_RC-14,COMMERCIAL_STRAINS_PRODUCER,MRS-R_COMMERCIAL_STRAINS_PRODUCER,Commercial Strains,Not Related,Not Related,Not Related,Not Related,Not Related,Not Related,Not Related,Not Related,Not Related,Not Related,Not Related,Not Related,Not Related,Not Related,Not Related,Not Related,Not Related,Not Related,Not Related,Not Related,Not Related,Not Related,Not Related,Not Related,Not Related,Not Related,Not Related,Not Related,Not Related,Not Related,Not Related,Not Related,Not Related,Not Related,Not Related,Not Related,Not Related,Not Related
DS001C_MRS-R_V1061_1_HILICMSneg_20231023.d,MRS-R,V1061,Streptococcus agalactiae,Streptococcus agalactiae_AMBV1061,MRS-R_V1061,BAD_GROWERS_Streptococcaceae,MRS-R_BAD_GROWERS_Streptococcaceae,Streptococcus,Not Related,Not Related,Not Related,Not Related,Not Related,Not Related,Not Related,Not Related,Not Related,Not Related,Not Related,Not Related,Not Related,Not Related,Not Related,Not Related,Not Related,Not Related,Not Related,Not Related,Not Related,Not Related,Not Related,Not Related,Not Related,Not Related,Not Related,Not Related,Not Related,Not Related,Not Related,Not Related,Not Related,Not Related,Not Related,Not Related,Not Related,Not Related
DS001C_MRS-R_V1061_2_HILICMSneg_20231023.d,MRS-R,V1061,Streptococcus agalactiae,Streptococcus agalactiae_AMBV1061,MRS-R_V1061,BAD_GROWERS_Streptococcaceae,MRS-R_BAD_GROWERS_Streptococcaceae,Streptococcus,Not Related,Not Related,Not Related,Not Related,Not Related,Not Related,Not Related,Not Related,Not Related,Not Related,Not Related,Not Related,Not Related,Not Related,Not Related,Not Related,Not Related,Not Related,Not Related,Not Related,Not Related,Not Related,Not Related,Not Related,Not Related,Not Related,Not Related,Not Related,Not Related,Not Related,Not Related,Not Related,Not Related,Not Related,Not Related,Not Related,Not Related,Not Related
DS001C_MRS-R_V1061_3_HILICMSneg_20231023.d,MRS-R,V1061,Streptococcus agalactiae,Streptococcus agalactiae_AMBV1061,MRS-R_V1061,BAD_GROWERS_Streptococcaceae,MRS-R_BAD_GROWERS_Streptococcaceae,Streptococcus,Not Related,Not Related,Not Related,Not Related,Not Related,Not Related,Not Related,Not Related,Not Related,Not Related,Not Related,Not Related,Not Related,Not Related,Not Related,Not Related,Not Related,Not Related,Not Related,Not Related,Not Related,Not Related,Not Related,Not Related,Not Related,Not Related,Not Related,Not Related,Not Related,Not Related,Not Related,Not Related,Not Related,Not Related,Not Related,Not Related,Not Related,Not Related
DS001C_MRS-R_V1061_4_HILICMSneg_20231023.d,MRS-R,V1061,Streptococcus agalactiae,Streptococcus agalactiae_AMBV1061,MRS-R_V1061,BAD_GROWERS_Streptococcaceae,MRS-R_BAD_GROWERS_Streptococcaceae,Streptococcus,Not Related,Not Related,Not Related,Not Related,Not Related,Not Related,Not Related,Not Related,Not Related,Not Related,Not Related,Not Related,Not Related,Not Related,Not Related,Not Related,Not Related,Not Related,Not Related,Not Related,Not Related,Not Related,Not Related,Not Related,Not Related,Not Related,Not Related,Not Related,Not Related,Not Related,Not Related,Not Related,Not Related,Not Related,Not Related,Not Related,Not Related,Not Related
DS001C_MRS-R_V1061_5_HILICMSneg_20231023.d,MRS-R,V1061,Streptococcus agalactiae,Streptococcus agalactiae_AMBV1061,MRS-R_V1061,BAD_GROWERS_Streptococcaceae,MRS-R_BAD_GROWERS_Streptococcaceae,Streptococcus,Not Related,Not Related,Not Related,Not Related,Not Related,Not Related,Not Related,Not Related,Not Related,Not Related,Not Related,Not Related,Not Related,Not Related,Not Related,Not Related,Not Related,Not Related,Not Related,Not Related,Not Related,Not Related,Not Related,Not Related,Not Related,Not Related,Not Related,Not Related,Not Related,Not Related,Not Related,Not Related,Not Related,Not Related,Not Related,Not Related,Not Related,Not Related
DS001C_MRS-R_V1061_6_HILICMSneg_20231023.d,MRS-R,V1061,Streptococcus agalactiae,Streptococcus agalactiae_AMBV1061,MRS-R_V1061,BAD_GROWERS_Streptococcaceae,MRS-R_BAD_GROWERS_Streptococcaceae,Streptococcus,Not Related,Not Related,Not Related,Not Related,Not Related,Not Related,Not Related,Not Related,Not Related,Not Related,Not Related,Not Related,Not Related,Not Related,Not Related,Not Related,Not Related,Not Related,Not Related,Not Related,Not Related,Not Related,Not Related,Not Related,Not Related,Not Related,Not Related,Not Related,Not Related,Not Related,Not Related,Not Related,Not Related,Not Related,Not Related,Not Related,Not Related,Not Related
DS001C_MRS-R_V195_1_HILICMSneg_20231023.d,MRS-R,V195,Streptococcus agalactiae,Streptococcus agalactiae_AMBV195,MRS-R_V195,BAD_GROWERS_Streptococcaceae,MRS-R_BAD_GROWERS_Streptococcaceae,Streptococcus,Not Related,Not Related,Not Related,Not Related,Not Related,Not Related,Not Related,Not Related,Not Related,Not Related,Not Related,Not Related,Not Related,Not Related,Not Related,Not Related,Not Related,Not Related,Not Related,Not Related,Not Related,Not Related,Not Related,Not Related,Not Related,Not Related,Not Related,Not Related,Not Related,Not Related,Not Related,Not Related,Not Related,Not Related,Not Related,Not Related,Not Related,Not Related
DS001C_MRS-R_V195_2_HILICMSneg_20231023.d,MRS-R,V195,Streptococcus agalactiae,Streptococcus agalactiae_AMBV195,MRS-R_V195,BAD_GROWERS_Streptococcaceae,MRS-R_BAD_GROWERS_Streptococcaceae,Streptococcus,Not Related,Not Related,Not Related,Not Related,Not Related,Not Related,Not Related,Not Related,Not Related,Not Related,Not Related,Not Related,Not Related,Not Related,Not Related,Not Related,Not Related,Not Related,Not Related,Not Related,Not Related,Not Related,Not Related,Not Related,Not Related,Not Related,Not Related,Not Related,Not Related,Not Related,Not Related,Not Related,Not Related,Not Related,Not Related,Not Related,Not Related,Not Related
DS001C_MRS-R_V195_3_HILICMSneg_20231023.d,MRS-R,V195,Streptococcus agalactiae,Streptococcus agalactiae_AMBV195,MRS-R_V195,BAD_GROWERS_Streptococcaceae,MRS-R_BAD_GROWERS_Streptococcaceae,Streptococcus,Not Related,Not Related,Not Related,Not Related,Not Related,Not Related,Not Related,Not Related,Not Related,Not Related,Not Related,Not Related,Not Related,Not Related,Not Related,Not Related,Not Related,Not Related,Not Related,Not Related,Not Related,Not Related,Not Related,Not Related,Not Related,Not Related,Not Related,Not Related,Not Related,Not Related,Not Related,Not Related,Not Related,Not Related,Not Related,Not Related,Not Related,Not Related
DS001C_MRS-R_V195_4_HILICMSneg_20231023.d,MRS-R,V195,Streptococcus agalactiae,Streptococcus agalactiae_AMBV195,MRS-R_V195,BAD_GROWERS_Streptococcaceae,MRS-R_BAD_GROWERS_Streptococcaceae,Streptococcus,Not Related,Not Related,Not Related,Not Related,Not Related,Not Related,Not Related,Not Related,Not Related,Not Related,Not Related,Not Related,Not Related,Not Related,Not Related,Not Related,Not Related,Not Related,Not Related,Not Related,Not Related,Not Related,Not Related,Not Related,Not Related,Not Related,Not Related,Not Related,Not Related,Not Related,Not Related,Not Related,Not Related,Not Related,Not Related,Not Related,Not Related,Not Related
DS001C_MRS-R_V195_5_HILICMSneg_20231023.d,MRS-R,V195,Streptococcus agalactiae,Streptococcus agalactiae_AMBV195,MRS-R_V195,BAD_GROWERS_Streptococcaceae,MRS-R_BAD_GROWERS_Streptococcaceae,Streptococcus,Not Related,Not Related,Not Related,Not Related,Not Related,Not Related,Not Related,Not Related,Not Related,Not Related,Not Related,Not Related,Not Related,Not Related,Not Related,Not Related,Not Related,Not Related,Not Related,Not Related,Not Related,Not Related,Not Related,Not Related,Not Related,Not Related,Not Related,Not Related,Not Related,Not Related,Not Related,Not Related,Not Related,Not Related,Not Related,Not Related,Not Related,Not Related
DS001C_MRS-R_V195_6_HILICMSneg_20231023.d,MRS-R,V195,Streptococcus agalactiae,Streptococcus agalactiae_AMBV195,MRS-R_V195,BAD_GROWERS_Streptococcaceae,MRS-R_BAD_GROWERS_Streptococcaceae,Streptococcus,Not Related,Not Related,Not Related,Not Related,Not Related,Not Related,Not Related,Not Related,Not Related,Not Related,Not Related,Not Related,Not Related,Not Related,Not Related,Not Related,Not Related,Not Related,Not Related,Not Related,Not Related,Not Related,Not Related,Not Related,Not Related,Not Related,Not Related,Not Related,Not Related,Not Related,Not Related,Not Related,Not Related,Not Related,Not Related,Not Related,Not Related,Not Related
DS001C_MRS-R_V336_1_HILICMSneg_20231023.d,MRS-R,V336,Limosilactobacillus reuteri,Limosilactobacillus reuteri_AMBV336,MRS-R_V336,RELATED_BAD PRODUCER,MRS-R_RELATED_BAD PRODUCER,Related,T,T,A,T,C,None,G,C,A,T,C,A,G,A,A,A,G,G,C,A,T,C,A,G,T,T,C,C,A,T,G,C,G,T,C,G,C,C
DS001C_MRS-R_V336_2_HILICMSneg_20231023.d,MRS-R,V336,Limosilactobacillus reuteri,Limosilactobacillus reuteri_AMBV336,MRS-R_V336,RELATED_BAD PRODUCER,MRS-R_RELATED_BAD PRODUCER,Related,T,T,A,T,C,None,G,C,A,T,C,A,G,A,A,A,G,G,C,A,T,C,A,G,T,T,C,C,A,T,G,C,G,T,C,G,C,C
DS001C_MRS-R_V336_3_HILICMSneg_20231023.d,MRS-R,V336,Limosilactobacillus reuteri,Limosilactobacillus reuteri_AMBV336,MRS-R_V336,RELATED_BAD PRODUCER,MRS-R_RELATED_BAD PRODUCER,Related,T,T,A,T,C,None,G,C,A,T,C,A,G,A,A,A,G,G,C,A,T,C,A,G,T,T,C,C,A,T,G,C,G,T,C,G,C,C
DS001C_MRS-R_V336_4_HILICMSneg_20231023.d,MRS-R,V336,Limosilactobacillus reuteri,Limosilactobacillus reuteri_AMBV336,MRS-R_V336,RELATED_BAD PRODUCER,MRS-R_RELATED_BAD PRODUCER,Related,T,T,A,T,C,None,G,C,A,T,C,A,G,A,A,A,G,G,C,A,T,C,A,G,T,T,C,C,A,T,G,C,G,T,C,G,C,C
DS001C_MRS-R_V336_5_HILICMSneg_20231023.d,MRS-R,V336,Limosilactobacillus reuteri,Limosilactobacillus reuteri_AMBV336,MRS-R_V336,RELATED_BAD PRODUCER,MRS-R_RELATED_BAD PRODUCER,Related,T,T,A,T,C,None,G,C,A,T,C,A,G,A,A,A,G,G,C,A,T,C,A,G,T,T,C,C,A,T,G,C,G,T,C,G,C,C
DS001C_MRS-R_V336_6_HILICMSneg_20231023.d,MRS-R,V336,Limosilactobacillus reuteri,Limosilactobacillus reuteri_AMBV336,MRS-R_V336,RELATED_BAD PRODUCER,MRS-R_RELATED_BAD PRODUCER,Related,T,T,A,T,C,None,G,C,A,T,C,A,G,A,A,A,G,G,C,A,T,C,A,G,T,T,C,C,A,T,G,C,G,T,C,G,C,C
DS001C_MRS-R_V339_1_HILICMSneg_20231023.d,MRS-R,V339,Limosilactobacillus reuteri,Limosilactobacillus reuteri_AMBV339,MRS-R_V339,RELATED_SUPER PRODUCER,MRS-R_RELATED_SUPER PRODUCER,Related,T,T,A,T,C,T,T,T,G,C,T,G,A,A,A,A,G,G,C,A,T,C,A,G,T,T,C,C,A,T,G,C,G,T,C,G,C,C
DS001C_MRS-R_V339_2_HILICMSneg_20231023.d,MRS-R,V339,Limosilactobacillus reuteri,Limosilactobacillus reuteri_AMBV339,MRS-R_V339,RELATED_SUPER PRODUCER,MRS-R_RELATED_SUPER PRODUCER,Related,T,T,A,T,C,T,T,T,G,C,T,G,A,A,A,A,G,G,C,A,T,C,A,G,T,T,C,C,A,T,G,C,G,T,C,G,C,C
DS001C_MRS-R_V339_3_HILICMSneg_20231023.d,MRS-R,V339,Limosilactobacillus reuteri,Limosilactobacillus reuteri_AMBV339,MRS-R_V339,RELATED_SUPER PRODUCER,MRS-R_RELATED_SUPER PRODUCER,Related,T,T,A,T,C,T,T,T,G,C,T,G,A,A,A,A,G,G,C,A,T,C,A,G,T,T,C,C,A,T,G,C,G,T,C,G,C,C
DS001C_MRS-R_V339_4_HILICMSneg_20231023.d,MRS-R,V339,Limosilactobacillus reuteri,Limosilactobacillus reuteri_AMBV339,MRS-R_V339,RELATED_SUPER PRODUCER,MRS-R_RELATED_SUPER PRODUCER,Related,T,T,A,T,C,T,T,T,G,C,T,G,A,A,A,A,G,G,C,A,T,C,A,G,T,T,C,C,A,T,G,C,G,T,C,G,C,C
DS001C_MRS-R_V339_5_HILICMSneg_20231023.d,MRS-R,V339,Limosilactobacillus reuteri,Limosilactobacillus reuteri_AMBV339,MRS-R_V339,RELATED_SUPER PRODUCER,MRS-R_RELATED_SUPER PRODUCER,Related,T,T,A,T,C,T,T,T,G,C,T,G,A,A,A,A,G,G,C,A,T,C,A,G,T,T,C,C,A,T,G,C,G,T,C,G,C,C
DS001C_MRS-R_V339_6_HILICMSneg_20231023.d,MRS-R,V339,Limosilactobacillus reuteri,Limosilactobacillus reuteri_AMBV339,MRS-R_V339,RELATED_SUPER PRODUCER,MRS-R_RELATED_SUPER PRODUCER,Related,T,T,A,T,C,T,T,T,G,C,T,G,A,A,A,A,G,G,C,A,T,C,A,G,T,T,C,C,A,T,G,C,G,T,C,G,C,C
DS001C_MRS-R_V347_1_HILICMSneg_20231023.d,MRS-R,V347,Limosilactobacillus reuteri,Limosilactobacillus reuteri_AMBV347,MRS-R_V347,RELATED_SUPER PRODUCER,MRS-R_RELATED_SUPER PRODUCER,Related,T,T,A,T,C,T,T,C,A,C,T,A,G,G,C,C,A,A,A,G,T,C,A,G,T,T,C,C,A,T,G,C,G,T,C,G,C,C
DS001C_MRS-R_V347_2_HILICMSneg_20231023.d,MRS-R,V347,Limosilactobacillus reuteri,Limosilactobacillus reuteri_AMBV347,MRS-R_V347,RELATED_SUPER PRODUCER,MRS-R_RELATED_SUPER PRODUCER,Related,T,T,A,T,C,T,T,C,A,C,T,A,G,G,C,C,A,A,A,G,T,C,A,G,T,T,C,C,A,T,G,C,G,T,C,G,C,C
DS001C_MRS-R_V347_3_HILICMSneg_20231023.d,MRS-R,V347,Limosilactobacillus reuteri,Limosilactobacillus reuteri_AMBV347,MRS-R_V347,RELATED_SUPER PRODUCER,MRS-R_RELATED_SUPER PRODUCER,Related,T,T,A,T,C,T,T,C,A,C,T,A,G,G,C,C,A,A,A,G,T,C,A,G,T,T,C,C,A,T,G,C,G,T,C,G,C,C
DS001C_MRS-R_V347_4_HILICMSneg_20231023.d,MRS-R,V347,Limosilactobacillus reuteri,Limosilactobacillus reuteri_AMBV347,MRS-R_V347,RELATED_SUPER PRODUCER,MRS-R_RELATED_SUPER PRODUCER,Related,T,T,A,T,C,T,T,C,A,C,T,A,G,G,C,C,A,A,A,G,T,C,A,G,T,T,C,C,A,T,G,C,G,T,C,G,C,C
DS001C_MRS-R_V347_5_HILICMSneg_20231023.d,MRS-R,V347,Limosilactobacillus reuteri,Limosilactobacillus reuteri_AMBV347,MRS-R_V347,RELATED_SUPER PRODUCER,MRS-R_RELATED_SUPER PRODUCER,Related,T,T,A,T,C,T,T,C,A,C,T,A,G,G,C,C,A,A,A,G,T,C,A,G,T,T,C,C,A,T,G,C,G,T,C,G,C,C
DS001C_MRS-R_V347_6_HILICMSneg_20231023.d,MRS-R,V347,Limosilactobacillus reuteri,Limosilactobacillus reuteri_AMBV347,MRS-R_V347,RELATED_SUPER PRODUCER,MRS-R_RELATED_SUPER PRODUCER,Related,T,T,A,T,C,T,T,C,A,C,T,A,G,G,C,C,A,A,A,G,T,C,A,G,T,T,C,C,A,T,G,C,G,T,C,G,C,C
DS001C_MRS-R_V368_1_HILICMSneg_20231023.d,MRS-R,V368,Limosilactobacillus reuteri,Limosilactobacillus reuteri_AMBV368,MRS-R_V368,RELATED_BAD PRODUCER,MRS-R_RELATED_BAD PRODUCER,Related,T,T,A,T,C,T,G,T,A,C,C,G,G,G,A,A,G,G,C,A,C,T,G,A,G,None,T,G,C,C,A,T,G,T,C,G,C,C
DS001C_MRS-R_V368_2_HILICMSneg_20231023.d,MRS-R,V368,Limosilactobacillus reuteri,Limosilactobacillus reuteri_AMBV368,MRS-R_V368,RELATED_BAD PRODUCER,MRS-R_RELATED_BAD PRODUCER,Related,T,T,A,T,C,T,G,T,A,C,C,G,G,G,A,A,G,G,C,A,C,T,G,A,G,None,T,G,C,C,A,T,G,T,C,G,C,C
DS001C_MRS-R_V368_3_HILICMSneg_20231023.d,MRS-R,V368,Limosilactobacillus reuteri,Limosilactobacillus reuteri_AMBV368,MRS-R_V368,RELATED_BAD PRODUCER,MRS-R_RELATED_BAD PRODUCER,Related,T,T,A,T,C,T,G,T,A,C,C,G,G,G,A,A,G,G,C,A,C,T,G,A,G,None,T,G,C,C,A,T,G,T,C,G,C,C
DS001C_MRS-R_V368_4_HILICMSneg_20231023.d,MRS-R,V368,Limosilactobacillus reuteri,Limosilactobacillus reuteri_AMBV368,MRS-R_V368,RELATED_BAD PRODUCER,MRS-R_RELATED_BAD PRODUCER,Related,T,T,A,T,C,T,G,T,A,C,C,G,G,G,A,A,G,G,C,A,C,T,G,A,G,None,T,G,C,C,A,T,G,T,C,G,C,C
DS001C_MRS-R_V368_5_HILICMSneg_20231023.d,MRS-R,V368,Limosilactobacillus reuteri,Limosilactobacillus reuteri_AMBV368,MRS-R_V368,RELATED_BAD PRODUCER,MRS-R_RELATED_BAD PRODUCER,Related,T,T,A,T,C,T,G,T,A,C,C,G,G,G,A,A,G,G,C,A,C,T,G,A,G,None,T,G,C,C,A,T,G,T,C,G,C,C
DS001C_MRS-R_V368_6_HILICMSneg_20231023.d,MRS-R,V368,Limosilactobacillus reuteri,Limosilactobacillus reuteri_AMBV368,MRS-R_V368,RELATED_BAD PRODUCER,MRS-R_RELATED_BAD PRODUCER,Related,T,T,A,T,C,T,G,T,A,C,C,G,G,G,A,A,G,G,C,A,C,T,G,A,G,None,T,G,C,C,A,T,G,T,C,G,C,C
DS001C_MRS-R_V369_1_HILICMSneg_20231023.d,MRS-R,V369,Limosilactobacillus reuteri,Limosilactobacillus reuteri_AMBV369,MRS-R_V369,RELATED_BAD PRODUCER,MRS-R_RELATED_BAD PRODUCER,Related,T,T,A,T,C,T,G,T,G,C,T,G,G,A,A,A,G,G,C,A,C,T,G,A,G,T,C,C,A,T,A,T,A,A,A,G,C,C
DS001C_MRS-R_V369_2_HILICMSneg_20231023.d,MRS-R,V369,Limosilactobacillus reuteri,Limosilactobacillus reuteri_AMBV369,MRS-R_V369,RELATED_BAD PRODUCER,MRS-R_RELATED_BAD PRODUCER,Related,T,T,A,T,C,T,G,T,G,C,T,G,G,A,A,A,G,G,C,A,C,T,G,A,G,T,C,C,A,T,A,T,A,A,A,G,C,C
DS001C_MRS-R_V369_3_HILICMSneg_20231023.d,MRS-R,V369,Limosilactobacillus reuteri,Limosilactobacillus reuteri_AMBV369,MRS-R_V369,RELATED_BAD PRODUCER,MRS-R_RELATED_BAD PRODUCER,Related,T,T,A,T,C,T,G,T,G,C,T,G,G,A,A,A,G,G,C,A,C,T,G,A,G,T,C,C,A,T,A,T,A,A,A,G,C,C
DS001C_MRS-R_V369_4_HILICMSneg_20231023.d,MRS-R,V369,Limosilactobacillus reuteri,Limosilactobacillus reuteri_AMBV369,MRS-R_V369,RELATED_BAD PRODUCER,MRS-R_RELATED_BAD PRODUCER,Related,T,T,A,T,C,T,G,T,G,C,T,G,G,A,A,A,G,G,C,A,C,T,G,A,G,T,C,C,A,T,A,T,A,A,A,G,C,C
DS001C_MRS-R_V369_5_HILICMSneg_20231023.d,MRS-R,V369,Limosilactobacillus reuteri,Limosilactobacillus reuteri_AMBV369,MRS-R_V369,RELATED_BAD PRODUCER,MRS-R_RELATED_BAD PRODUCER,Related,T,T,A,T,C,T,G,T,G,C,T,G,G,A,A,A,G,G,C,A,C,T,G,A,G,T,C,C,A,T,A,T,A,A,A,G,C,C
DS001C_MRS-R_V369_6_HILICMSneg_20231023.d,MRS-R,V369,Limosilactobacillus reuteri,Limosilactobacillus reuteri_AMBV369,MRS-R_V369,RELATED_BAD PRODUCER,MRS-R_RELATED_BAD PRODUCER,Related,T,T,A,T,C,T,G,T,G,C,T,G,G,A,A,A,G,G,C,A,C,T,G,A,G,T,C,C,A,T,A,T,A,A,A,G,C,C
DS001C_MRS-R_V370_1_HILICMSneg_20231023.d,MRS-R,V370,Limosilactobacillus reuteri,Limosilactobacillus reuteri_AMBV370,MRS-R_V370,RELATED_BAD PRODUCER,MRS-R_RELATED_BAD PRODUCER,Related,C,T,A,T,C,T,G,T,A,C,T,G,G,G,A,A,G,G,C,A,T,C,A,G,T,None,C,C,A,T,G,C,G,T,C,G,C,C
DS001C_MRS-R_V370_2_HILICMSneg_20231023.d,MRS-R,V370,Limosilactobacillus reuteri,Limosilactobacillus reuteri_AMBV370,MRS-R_V370,RELATED_BAD PRODUCER,MRS-R_RELATED_BAD PRODUCER,Related,C,T,A,T,C,T,G,T,A,C,T,G,G,G,A,A,G,G,C,A,T,C,A,G,T,None,C,C,A,T,G,C,G,T,C,G,C,C
DS001C_MRS-R_V370_3_HILICMSneg_20231023.d,MRS-R,V370,Limosilactobacillus reuteri,Limosilactobacillus reuteri_AMBV370,MRS-R_V370,RELATED_BAD PRODUCER,MRS-R_RELATED_BAD PRODUCER,Related,C,T,A,T,C,T,G,T,A,C,T,G,G,G,A,A,G,G,C,A,T,C,A,G,T,None,C,C,A,T,G,C,G,T,C,G,C,C
DS001C_MRS-R_V370_4_HILICMSneg_20231023.d,MRS-R,V370,Limosilactobacillus reuteri,Limosilactobacillus reuteri_AMBV370,MRS-R_V370,RELATED_BAD PRODUCER,MRS-R_RELATED_BAD PRODUCER,Related,C,T,A,T,C,T,G,T,A,C,T,G,G,G,A,A,G,G,C,A,T,C,A,G,T,None,C,C,A,T,G,C,G,T,C,G,C,C
DS001C_MRS-R_V370_5_HILICMSneg_20231023.d,MRS-R,V370,Limosilactobacillus reuteri,Limosilactobacillus reuteri_AMBV370,MRS-R_V370,RELATED_BAD PRODUCER,MRS-R_RELATED_BAD PRODUCER,Related,C,T,A,T,C,T,G,T,A,C,T,G,G,G,A,A,G,G,C,A,T,C,A,G,T,None,C,C,A,T,G,C,G,T,C,G,C,C
DS001C_MRS-R_V370_6_HILICMSneg_20231023.d,MRS-R,V370,Limosilactobacillus reuteri,Limosilactobacillus reuteri_AMBV370,MRS-R_V370,RELATED_BAD PRODUCER,MRS-R_RELATED_BAD PRODUCER,Related,C,T,A,T,C,T,G,T,A,C,T,G,G,G,A,A,G,G,C,A,T,C,A,G,T,None,C,C,A,T,G,C,G,T,C,G,C,C
DS001C_MRS-R_V371_1_HILICMSneg_20231023.d,MRS-R,V371,Limosilactobacillus reuteri,Limosilactobacillus reuteri_AMBV371,MRS-R_V371,RELATED_BAD PRODUCER,MRS-R_RELATED_BAD PRODUCER,Related,T,T,A,T,C,T,G,T,A,C,T,G,G,G,A,A,G,G,C,A,T,C,A,G,T,T,C,C,A,T,G,C,G,T,C,A,T,T
DS001C_MRS-R_V371_2_HILICMSneg_20231023.d,MRS-R,V371,Limosilactobacillus reuteri,Limosilactobacillus reuteri_AMBV371,MRS-R_V371,RELATED_BAD PRODUCER,MRS-R_RELATED_BAD PRODUCER,Related,T,T,A,T,C,T,G,T,A,C,T,G,G,G,A,A,G,G,C,A,T,C,A,G,T,T,C,C,A,T,G,C,G,T,C,A,T,T
DS001C_MRS-R_V371_3_HILICMSneg_20231023.d,MRS-R,V371,Limosilactobacillus reuteri,Limosilactobacillus reuteri_AMBV371,MRS-R_V371,RELATED_BAD PRODUCER,MRS-R_RELATED_BAD PRODUCER,Related,T,T,A,T,C,T,G,T,A,C,T,G,G,G,A,A,G,G,C,A,T,C,A,G,T,T,C,C,A,T,G,C,G,T,C,A,T,T
DS001C_MRS-R_V371_4_HILICMSneg_20231023.d,MRS-R,V371,Limosilactobacillus reuteri,Limosilactobacillus reuteri_AMBV371,MRS-R_V371,RELATED_BAD PRODUCER,MRS-R_RELATED_BAD PRODUCER,Related,T,T,A,T,C,T,G,T,A,C,T,G,G,G,A,A,G,G,C,A,T,C,A,G,T,T,C,C,A,T,G,C,G,T,C,A,T,T
DS001C_MRS-R_V371_5_HILICMSneg_20231023.d,MRS-R,V371,Limosilactobacillus reuteri,Limosilactobacillus reuteri_AMBV371,MRS-R_V371,RELATED_BAD PRODUCER,MRS-R_RELATED_BAD PRODUCER,Related,T,T,A,T,C,T,G,T,A,C,T,G,G,G,A,A,G,G,C,A,T,C,A,G,T,T,C,C,A,T,G,C,G,T,C,A,T,T
DS001C_MRS-R_V371_6_HILICMSneg_20231023.d,MRS-R,V371,Limosilactobacillus reuteri,Limosilactobacillus reuteri_AMBV371,MRS-R_V371,RELATED_BAD PRODUCER,MRS-R_RELATED_BAD PRODUCER,Related,T,T,A,T,C,T,G,T,A,C,T,G,G,G,A,A,G,G,C,A,T,C,A,G,T,T,C,C,A,T,G,C,G,T,C,A,T,T
