Bifidobacterium vaginale group,Lactobacillus crispatus group,Lactobacillus gasseri group,Lactobacillus iners group,Lactobacillus jensenii group,"Bifidobacterium breve group,Prevotella bivia group,Prevotella timonensis group","Megasphaera,Prevotella bivia group,Prevotella timonensis group,Sneathia",Clostridium,"Streptococcus,Veillonella",sample_id
2.133830253435417e-6,0.9975595174066936,2.133830266409869e-6,5.70333276498448e-4,2.133830324879864e-6,2.1338303486379994e-6,0.0018573463333936187,2.1338302967979817e-6,2.1338319242473505e-6,s1
9.459862880058569e-6,0.5241705086428383,9.459863003721893e-6,9.459862865908543e-6,9.459863361987964e-6,0.17427300791792502,9.459880302923166e-6,9.459865215780522e-6,0.3014997242416063,s10
7.386392027634834e-4,0.9198802059662001,2.9866445166428595e-6,0.0010225773384767375,0.008359747414330484,0.0235423055879282,0.003525903416479686,0.04077237142438681,0.0021552630049178913,s100
5.862731648319424e-4,0.473095402561789,1.1909558207210494e-6,0.4935872798373473,1.1909556247862635e-6,0.02504280813951027,4.18782703871099e-4,1.190956176696872e-6,0.007265880725028229,s1007
0.8028566627421813,7.248351200231218e-4,1.2472316416875936e-6,2.2648076041853138e-4,1.2472316808440705e-6,0.1722037680457437,2.1862122845812287e-4,1.2472317376811849e-6,0.023765890408115126,s1009
0.001183232797463119,0.7754771644139474,2.9145578316085365e-6,0.1891649288208125,0.02864102543505074,2.914564738893708e-6,2.9145615488341926e-6,2.9145554837988397e-6,0.005521990293123077,s101
2.2736709888359073e-6,0.993128855525264,2.273671105591307e-6,7.769826820571105e-4,0.006080519762470579,2.2736734155187265e-6,2.273672453567393e-6,2.2736710060341596e-6,2.2736712388338717e-6,s1015
2.0949044481644494e-6,3.866100095426783e-4,2.0948999387814015e-6,0.8930176662491304,0.10626143802427518,2.0949047581263453e-6,2.3365729107737996e-4,2.0949000525832176e-6,9.224881677667315e-5,s102
0.1878128937646239,0.8096723404650791,1.9985324076411234e-6,0.0011071179676316971,1.998532261210596e-6,0.0013976551338503052,1.9985379056192757e-6,1.9985321307831314e-6,1.998534109771267e-6,s1021
4.013896049196962e-6,0.998067538244823,4.013896710736434e-6,0.0013234310115617638,4.0138960391010954e-6,5.849473532493941e-4,4.01390443419155e-6,4.0138959466048655e-6,4.013901185940376e-6,s1025
1.7452436057787076e-6,9.3921215198532e-4,1.7452436032607059e-6,0.9338744442722151,0.06517587211188551,1.7452447571907828e-6,1.7452445044920655e-6,1.7452436200479339e-6,1.7452438232394997e-6,s1027
0.8353397493606773,3.6342074799858726e-4,0.1642820504303838,2.4632425615298594e-6,2.4632425720787146e-6,2.463244432816621e-6,2.46324574525432e-6,2.463242569466519e-6,2.4632430591470797e-6,s103
2.1852303297719745e-6,0.9612553402290889,2.1852279191465477e-6,2.185227220169319e-6,2.185227292625557e-6,8.557002426459174e-4,1.318255772524137e-4,5.627237525277527e-4,0.03718566928572342,s1033
0.2593180649351159,0.0016255645200268696,7.975611585446263e-6,7.97561153494954e-6,7.975611823886165e-6,0.07938271271343929,0.6596337797607525,7.975612912245458e-6,7.975622808961017e-6,s1034
0.463614631116945,0.001006526570954703,1.9148993954508677e-6,4.379539596112857e-4,1.914899394520432e-6,1.9149031649746856e-6,0.5349313138505424,1.9148994935795673e-6,1.9149004981916137e-6,s1039
2.9123040138538318e-6,0.8504159760406635,2.912304301549042e-6,0.10385430535272398,0.012364029112113923,0.010034629046351242,0.006325833436385206,2.912305856590153e-6,0.016996490097590092,s104
1.8609691703196338e-6,4.909288552845347e-4,1.8609692854114438e-6,0.9850520231818807,1.8609693226202786e-6,0.009863728137910763,1.8609712338011187e-6,1.8609698031314194e-6,0.0045840149761087225,s1047
1.9951827604857104e-6,0.9679544084215687,1.995182853853621e-6,3.2705948777353693e-4,1.9951828697372553e-6,1.995185446787834e-6,1.995182757860187e-6,0.025764571936690486,0.005943984237278663,s106
2.1320202596780588e-6,0.991694738109231,3.5590113746339174e-4,0.0030678779658342295,0.004553033514330996,2.13202348148317e-6,3.1992118740901824e-4,2.1320203472051792e-6,2.132021642909572e-6,s107
2.3076910642531597e-6,2.3076910644066645e-6,2.30769106406455e-6,0.9820250033933716,2.3076910642820253e-6,2.3076912109571854e-6,2.3076911901411046e-6,0.017958842768903593,2.307691066616386e-6,s1074
1.2496085695852473e-5,1.2496085656329784e-5,0.8408909900680881,1.2496085546090973e-5,1.2496086220756516e-5,0.0037382114935802365,0.08673174602472132,1.2496092921256598e-5,0.06857657197757004,s1077
6.547392360236272e-4,0.7356850815014089,2.2719203327801253e-06,0.0015851429913591568,0.25656992677519397,2.271925038192669e-6,0.005389463999161528,2.2719203498079684e-6,1.0882973113206342e-4,s108
0.0029170581266319395,0.9870219983570923,1.808594576077363e-6,1.8085943716964279e-6,0.009437101187029019,1.808594348267655e-6,1.8085944539947354e-6,6.147993562779238e-4,1.8085952188792595e-6,s1084
7.646688482001488e-6,0.37141190647483185,7.64669058152747e-6,0.6113012219461318,0.009866349006357942,7.646714175348923e-6,0.00252059394905359,0.0017804521848351496,0.00309653634555086,s109
2.381384001335884e-6,0.9999809489271351,2.3813840662936483e-6,2.3813840226397166e-6,2.381384057295201e-6,2.381384164610023e-6,2.38138452730376e-6,2.3813840087290343e-6,2.3813840167138262e-6,s11
2.37947846999371e-4,0.0010742854270469938,3.166415173039222e-6,0.8608663459293981,0.12393140353151859,0.007271826654515184,3.1664212643655357e-6,0.0066086913518397655,3.166422244548712e-6,s110
1.5575756262074636e-6,0.782250849657325,1.5575753102142552e-6,6.041954739400147e-4,1.557575037737544e-6,0.06958181904575463,0.12749894423629876,1.5575755415107804e-6,0.02005796128516596,s1101
1.128303548058777e-6,0.7510829971883651,1.1283035762401765e-6,1.1283035299829344e-6,0.004642338008376763,0.1552479562866355,0.045265443057789984,1.1283038072341421e-6,0.04375675224437105,s1102
0.003809669113098248,0.807430591051057,0.005234379166490479,8.386903541296424e-4,0.005391634778301978,0.12138192290928133,0.013373793869219547,0.022045997670860164,0.02049332108756167,s1107
2.7402117766450843e-4,7.56646183061215e-4,3.045895844954057e-6,0.9935927012101367,3.0458960161010513e-6,0.0013896793513995564,3.0459037105430795e-6,3.0458963129691286e-6,0.003974768485853567,s111
0.001766406922685368,0.8050280439470701,2.986645214833137e-6,0.026286884218571796,0.014061419267324736,0.11072007124454092,2.9866551638672294e-6,0.011923039604508912,0.030208161494919554,s1118
0.6813527257638305,8.961715658100938e-4,3.553396499343035e-6,4.113831161433205e-4,3.5533963334668772e-6,3.5534028251281045e-6,0.30634124881420066,3.5533970890133442e-6,0.010984257147268382,s1119
7.473216815706212e-6,0.01582194769021159,0.008333703339321518,0.0014471478517076879,7.473217219985017e-6,0.9653450331315115,7.473217456549069e-6,0.004424462587441113,0.004605285748314282,s112
1.7224743898966466e-6,0.6872293233483598,1.7224744082898097e-6,0.27967211653276997,0.01833279013158743,0.009788146522732747,4.757311420682013e-4,1.722474788066066e-6,0.004496724898895666,s1120
2.072254197147556e-6,0.9738506785453461,2.072254178530424e-6,2.0722541955708286e-6,0.016322914196180954,0.0017307466330118188,0.0012033345442592734,0.006884037063451545,2.072255178957577e-6,s113
2.672590330248672e-6,0.0010633560977957918,0.45669011698622114,0.34772092416141465,2.67259039693317e-6,2.6725919829369616e-6,2.6725911142658843e-6,0.1945122397993195,2.672591424518443e-6,s114
0.003941765380640091,0.7776935759287074,0.21263254141852586,0.0051060590230432076,8.249009005451626e-6,8.249042977949382e-6,5.930621530194702e-4,8.249008991422471e-6,8.24903508924052e-6,s115
2.1121788853368115e-6,0.9551582992097783,2.112178917942805e-6,2.1121789042744675e-6,0.0027682442119885435,2.1121808667054875e-6,2.112178958767686e-6,0.04206078350175534,2.112179944730621e-6,s116
2.5439012982392137e-5,0.4192862928798213,2.54390086722545e-5,0.36525227800858706,2.5439015173316672e-5,0.013192211444497733,2.5439041137755574e-5,2.543903043650641e-5,0.2021420225586917,s1161
0.23827417014181682,4.646888834070194e-4,1.8189199061545004e-6,1.7665426541010136e-4,1.8189198790217665e-6,1.8189258372934784e-6,0.7610753921027925,1.8189199101319638e-6,1.8189210408923534e-6,s117
0.055403802562870454,0.717921033305444,2.4989822009609995e-6,0.10280796878297166,0.013681782268816382,0.005465609209731357,0.076422327922537725,2.49898284527164e-6,0.028292477982582238,s1174
3.9082524587285725e-6,0.46698349099783326,3.908252660316433e-6,0.013117281004389544,3.9082524727363205e-6,3.908266578075294e-6,3.908263583937347e-6,3.9082527279164105e-6,0.5198757784572955,s118
2.147130705520537e-6,0.3773958963145403,2.147130584856702e-6,2.1471306148861337e-6,2.1471306816007746e-6,0.48437877679186486,0.1308954337786345,0.00627450931633333,0.0010467952760402082,s1189
0.5773619228233229,6.2439276773257e-4,2.302836185329904e-6,0.09074121442181839,2.302836004765975e-6,0.06953216329535628,0.2610804738133953,2.302836132755825e-6,6.529243700518563e-4,s119
8.095495669603975e-6,8.095494275772798e-6,0.5687978028727434,8.095494290510906e-6,8.095494950771436e-6,0.005732068294427805,0.16525333219058122,0.26017631914779077,8.095515270218338e-6,s12
7.130036815265393e-4,0.9583259615563966,0.014560806854890125,8.315111626947812e-4,3.1112500535375044e-6,0.01606742896696478,0.009491954025926685,3.1112502694318548e-6,3.1112512774610014e-6,s120
0.03196979652746616,8.247334113461566e-4,2.969784193580618e-6,0.966532287579707,2.9697837904707667e-6,2.969784332621417e-6,6.583335597975176e-4,2.9697838334699458e-6,2.9697855330782034e-6,s121
0.00424980051753631,0.9741239127859954,5.819213283092357e-6,5.819211417101901e-6,0.01343671399180439,0.006165795996660638,5.819226030080191e-6,5.81921255664458e-6,0.0020004998447163192,s122
3.503682907594518e-6,0.9297739264710067,0.0032324134188220074,0.0027743269843834026,3.5036782153492985e-6,0.0019316110733529543,0.003041040353574341,0.059236170647946576,3.5036897911697263e-6,s123
1.5460450220053534e-6,0.0019629149382470092,0.01763859124344398,0.8618388916132291,1.5460424194791444e-6,0.06157768187290529,2.523667976671275e-4,1.54604300622257e-6,0.05672491540405976,s1230
0.01818386658409588,0.4644909925322887,2.3541226584661183e-6,7.714709798673289e-4,0.25359806560063236,0.19551742688875293,0.06683089105519795,2.354122687330871e-6,6.025781138190233e-4,s124
2.8338612889143647e-6,0.8840728958168059,2.8338613745087127e-6,2.447243421071137e-4,2.833861359099589e-6,2.8338623045016385e-6,2.8338621996081975e-6,0.11566537667046171,2.8338620985330095e-6,s125
1.958955474605817e-6,0.9976228910677719,0.0010719486050518685,3.487642834945846e-4,2.334816443127151e-4,7.150785733025823e-4,1.958959495782342e-6,1.958955486315505e-6,1.9589556097850738e-6,s126
3.9781303339052604e-6,0.7632553504068192,0.028847107662979023,0.08213084828403316,0.02144405561185494,3.9781452153509565e-6,0.01107988507264922,0.07841521873780448,0.014819577948310734,s127
1.9286411141089918e-5,1.9286411992283047e-5,1.9286413127922593e-5,0.612624185877527,0.38270817212813835,1.928643798769093e-5,1.928641608419692e-5,1.9286412928015753e-5,0.004551923491073338,s1272
3.0907034681467537e-6,0.9772529479532946,3.0907034907198417e-6,0.0013288980692425152,0.016804818460743498,3.0907038241205987e-6,3.090703480619315e-6,0.004316952089561289,2.840206128943758e-4,s128
2.2225866928675537e-6,0.9799412207927011,2.987720407067779e-4,2.222586684474994e-6,2.222586759912782e-6,0.004136323253365728,2.2225917100806696e-6,2.2225868341933806e-6,0.015612570974544946,s129
1.4263789662871505e-5,0.026865653960083353,1.4263772005785568e-5,0.14752001098336953,1.4263751499945652e-5,0.074916384071924,0.7506266321154379,1.4263753570640274e-5,1.4263802445919947e-5,s13
3.693466847349609e-4,0.0431667027648763,4.483485097393655e-4,0.9500135702647464,6.793826383563704e-4,0.003940608297149819,1.862247692344343e-4,9.298990026171825e-4,2.659170685452152e-4,s130
1.1724573230451103e-6,6.328691148177825e-4,1.1724573283021193e-6,0.9987634091059459,1.1724573403072744e-6,1.1724601997164316e-6,1.1724591100477793e-6,1.1724573506288424e-6,5.9668703058427e-4,s131
3.0213503705753494e-6,0.972197486346617,0.0012566339355377636,3.02135033939347e-6,1.3855187107991528e-4,0.0012116303344900086,3.021355541609115e-6,0.024166029640082822,0.0010206038159408918,s132
1.6328686854947385e-6,0.8517905235436758,0.002367776237160378,0.025826725380587407,1.6328687189263551e-6,0.037867393407207614,1.6328695449368986e-6,1.6328699468594218e-6,0.0821410499544726,s1328
0.002622929781442162,0.030963678656359586,3.9778976062858e-6,0.9372368661577015,0.02716688707510187,3.977912084743142e-6,3.6617016838449057e-4,3.9778972708015635e-6,0.0016315344540486275,s133
3.638365355052574e-6,5.329219212052857e-4,0.009186886314907914,0.9830791771180195,0.005421233712591142,0.00176522745540687,3.6383774531709927e-6,3.6383661739338167e-6,3.638368887080558e-6,s134
0.005592890323873366,0.9759386692128144,7.116625935129762e-6,9.56306163517933e-4,0.017476551158634265,7.116629721626977e-6,7.116628549832909e-6,7.116626623108133e-6,7.116630330316273e-6,s135
0.03156890845596635,0.0019859394196163923,0.9656834914296814,1.1174991419764009e-5,1.1174991750694377e-5,7.057857128484922e-4,1.117501041177172e-5,1.1174991877400878e-5,1.1174996427718783e-5,s136
3.118116918861695e-6,5.506327942561034e-4,0.03375631265066333,3.118111920524478e-6,3.11811211779918e-6,0.8937509361083892,8.480143780096087e-4,3.1181125230577258e-6,0.07108163161520153,s1364
2.599693611066246e-6,0.9745195853175964,2.599693005549147e-6,0.011650558610619742,2.5996931391108813e-6,0.009129216395829472,0.001339330658031039,2.599693450923362e-6,0.003350910244716691,s1365
5.284079397208542e-6,0.9347044440617838,0.0045731902475917765,0.03365543013057464,0.007127584832296283,0.004588424496100318,0.011210236678513666,0.004130121383088441,5.284090653946202e-6,s1368
0.008534686863242606,0.785339004145375,2.5577561343244176e-6,0.16394440673598723,0.03083111533177338,0.008366999308582155,0.002976114344825211,2.557755961887943e-6,2.5577581180899543e-6,s1369
8.367539176361795e-4,0.0010861731979563275,2.1964731190977904e-6,0.94167506260649,0.01693100114372488,0.0030653065012451737,0.0010116623604365178,2.196473697180754e-6,0.03538964732569464,s137
1.0359549291132167e-5,0.9564790604691318,1.035955059060638e-5,1.0359549648691237e-5,0.001122915540422087,0.01878373384523636,1.0359574668374424e-5,1.0359553208884367e-5,0.023562492367802137,s1372
2.41786850271099e-6,4.2491044307395136e-4,0.0013891562172767197,0.9970583393180446,2.417868761159929e-6,0.0011155046736651183,2.417870342740918e-6,2.4178692272362646e-6,2.417871105701283e-6,s1374
0.2750497823553141,0.021865827056016116,0.002901902218956752,0.5751801014857728,0.08728551848495188,0.013893314057238664,2.2301916949071926e-6,2.2301837636524783e-6,0.023819093966291126,s1379
0.15480583068163728,0.5423754081155819,0.2522168737704038,5.520348501879025e-4,4.088869938295087e-6,0.03540499617629879,2.0879009590102414e-4,4.088870892624167e-6,0.014427888569158404,s138
3.257619434353528e-6,0.09425695843553879,3.2576154983581552e-6,3.257615412673056e-6,0.2636551871256744,0.30417545595948475,3.257623185070207e-6,3.2576167965378645e-6,0.33789611038897505,s1382
3.897673047447516e-4,0.0012403128863935728,3.3537277251786565e-6,0.9883087786134325,0.009447842957639953,3.353743591985191e-6,5.998833048038911e-4,3.353728353257714e-6,3.3537333149716485e-6,s1383
8.349840992082697e-4,0.8053837746030669,0.0023239247693752226,0.1827598021932392,0.006171712867636427,0.001998419129159121,2.6582527945925636e-6,2.6582482907187357e-6,5.220658372296674e-4,s139
0.04466368217109391,0.483178179034029,1.6542028368391264e-6,1.6542028303395483e-6,0.47214821357776904,1.6542028277465767e-6,1.6542029310647585e-6,1.6542028266928612e-6,1.6542028554790893e-6,s1390
0.22732870125333163,5.061029582128969e-6,0.7711580649290434,5.06102954037356e-6,5.061029989056364e-6,0.0014828676189890136,5.061041338708407e-6,5.061031003722022e-6,5.06103718202128e-6,s1395
0.001634024872641282,6.810946980249099e-6,6.810922592122487e-6,0.015469547452348336,6.810921807435512e-6,6.810942323750862e-6,6.810932286722032e-6,6.8109218508818966e-6,0.9828555620871693,s1397
3.3380702962328435e-6,0.006418783498168302,3.3380560140979206e-6,0.8327484079743157,0.04227348859273249,0.023750340385086013,0.026907634277674747,3.338056840256581e-6,0.0678913310888721,s1398
0.005172422312593562,0.973687201215924,2.7996065727898938e-6,2.799606570013959e-6,0.002120434809910246,0.01900594362234059,2.799611717449948e-6,2.799606772480063e-6,2.7996075989618606e-6,s14
3.7390726814867865e-4,0.9629654012307177,2.468619177520147e-6,0.004114517014603128,0.006172880518716813,2.4686249683889972e-6,2.468619090091038e-6,0.02198325001185698,0.004382638092720629,s140
1.7811072539889946e-4,0.9511694106448341,2.368253391292767e-6,0.02349036446657738,0.012086425777169296,0.0010207183197568019,2.3682554867791364e-6,0.012047865298755142,2.3682586303356926e-6,s1409
3.2530882019167274e-6,0.9513498143117776,0.0011535207171406673,3.2530867884591357e-6,3.2530872162378706e-6,0.0027300967885512508,3.2530906131420775e-6,3.253088871189532e-6,0.04475030274083954,s141
3.739410887739129e-6,0.2662103615849388,3.7394108922215583e-6,0.651109192170386,3.7394109390674777e-6,1.6936354965469138e-4,3.7394175859798374e-6,0.08219672364710479,2.994013976106784e-4,s1413
2.147131114666296e-6,5.280523223017483e-4,2.147131124960594e-6,0.9023810131652213,0.07624397908244904,0.013682964534930099,0.0017253304898257815,2.1471312935080885e-6,0.005432219011738817,s142
1.3811039998157605e-6,1.3811038178838526e-6,0.00325912350650495,0.8963333549064498,1.3811038794697526e-6,0.08398924617060277,0.00421970193161639,1.3811042039097863e-6,0.01219304906892505,s1421
7.170012207709944e-6,7.170012408116496e-6,7.17001227399935e-6,0.9544884066148855,0.04356998459574175,7.170041738479538e-6,7.170032009372774e-6,7.170013252049642e-6,0.0018985886654829178,s1422
3.085504097817865e-6,0.9665473965105609,4.697607404040156e-4,3.0855041177372617e-6,3.0855044400079324e-6,0.01973631877721178,5.27666284029203e-4,3.0855053011286207e-6,0.012706515669837423,s143
4.515779349147728e-6,0.9524688249205261,0.002650874413478643,4.515779409173099e-6,4.515779696153493e-6,0.007156660927188425,3.606826599901279e-4,0.03705207173691383,2.9733800344835805e-4,s1430
0.6870482428931872,0.0015011843541064634,4.4450851004820166e-6,0.001694872989508221,4.4450853230143236e-6,0.26414180878186266,2.6192727451605725e-4,0.011550231402797888,0.033792842133598094,s144
4.299483511439123e-6,9.435278331264542e-4,4.299483534900943e-6,0.8875285264705254,0.11034128906891275,0.0011651591993859269,4.299489141696103e-6,4.299484040674413e-6,4.299487820753032e-6,s145
0.43047621756551535,3.856628727954332e-4,2.5635533271565915e-6,0.001062263710777079,2.5635531105707205e-6,0.02087771808453075,0.5462800622297557,2.563553636316603e-6,9.103848765516512e-4,s1456
8.135926743942225e-4,0.6535776001600236,3.0594911553097857e-6,0.30539793909623836,0.03146945777812076,3.0594948686596567e-6,5.275520997657305e-4,0.008204679713678735,3.0594917546328823e-6,s146
3.1956414545592893e-6,0.7366446167514008,0.02638869153409883,3.195640497866091e-6,0.13733978904760707,0.060360545306650915,3.195643050341896e-6,0.020243311878205005,0.019013458557034624,s1461
0.3284267009701148,5.545765572421455e-6,5.5457656836648315e-6,0.02750018817221827,5.545765949262381e-6,0.008464790316356514,0.6355805917007215,5.545766899847677e-6,5.5457764837332085e-6,s1466
3.8938542620514687e-4,0.0016593778731659441,4.328829386642983e-6,0.9669606279460716,4.328829506110539e-6,4.328843160734722e-6,4.328838757795055e-6,0.030968964581852707,4.32883189330877e-6,s147
2.766396902534784e-6,0.793446983552262,0.002091466076283808,2.7663956845837123e-6,0.008825134832501361,0.1135633972842488,0.07189729644506945,0.008901916033137842,0.0012682729839095727,s1476
3.3580425864363617e-6,0.9713466678808179,3.358042782324026e-6,0.016273874596642805,0.0065028207033332045,0.0034962356201096423,4.585732651578897e-4,3.358043846030656e-6,0.0019117538047236488,s148
0.4248372677597537,2.7075657167911473e-6,2.707565983938162e-6,0.23817084857733126,2.70756572255244e-6,2.7075677252651415e-6,0.3369756382654951,2.7075658145774613e-6,2.7075664567757954e-6,s1488
0.04586992455618801,0.357097197635546,0.09471557445116897,4.433010863438427e-4,0.00975936779192558,0.45846893847867715,2.9833715435939873e-6,0.03363972925734752,2.9833712594220678e-6,s149
0.001705398752291424,0.9953175466672355,2.471226093794461e-6,0.0012539589257097813,2.471226080846923e-6,6.982199257318341e-4,3.398000446428454e-4,2.471226475407977e-6,6.776620057385436e-4,s1497
7.842905815632155e-6,0.12842611239811916,7.84288785184442e-6,0.37334585948719035,7.842878863201824e-6,0.018389286289928215,0.4736425520187597,7.842879204616748e-6,0.006164818254267349,s15
0.007657931288775636,0.963090217886141,1.2452519119129057e-5,0.0013086206987815386,1.2452517990109715e-5,0.015526800061751039,1.2452565549713728e-5,1.2452518970158248e-5,0.012366619942921696,s150
0.07425667511149532,0.17562902187008123,0.15424492785215063,0.5775002831226637,0.016131051249108918,0.0022293467794221953,2.898007416146161e-6,2.898002075394249e-6,2.8980055864543707e-6,s1507
6.874893484938213e-4,0.13404461254619718,6.582599913287088e-4,0.016852179649106635,0.001596223217334678,0.02649168093033563,0.01300975538116376,0.002808443091529281,0.8038513558445103,s151
0.03242724944763013,0.4022490712860135,0.03739401733911424,0.44324776895726514,0.007390051739295551,0.038216040227275046,0.005249050797999016,2.8640019193357625e-6,0.03382388620348795,s1512
2.0610513073168324e-6,0.9617269451954809,2.061051346272054e-6,2.734591464652103e-4,0.004065326841598436,2.061055322912679e-6,7.538975073085874e-5,0.03385063485473402,2.061053014175295e-6,s1519
3.3174944780169784e-6,0.9847071448861884,4.4952984957143745e-4,7.443042807218095e-4,3.3174946920119713e-6,0.012610697795803828,3.317505927376946e-6,3.31749528923114e-6,0.001475053197327946,s152
0.7422979667569923,0.24349547299632568,2.438897857538676e-6,1.651002824276178e-4,2.438897702931075e-6,0.002119208001118178,2.438905813740615e-6,2.4388980960828597e-6,0.011912496363665936,s1525
0.0011033719351516314,7.304788161518849e-4,1.4321395061303166e-6,0.9681911659328598,1.432139529881218e-6,0.0025813996285342293,0.01219474482005266,0.015194542448265104,1.4321399486548802e-6,s153
0.0044864701084964065,0.8152360099788573,0.0010953779561420443,0.10221641487399276,0.0324085550014655,6.0334097242003265e-6,6.033410648467335e-6,0.043656993988009915,8.88111272663464e-4,s1531
0.011770426463362509,0.962289909594368,0.002005412072280255,1.9185808479413283e-6,0.009546295408543454,0.014380282126613794,1.9185882877728313e-6,1.9185812668005962e-6,1.9185844294445253e-6,s154
0.004189351800449775,0.006756281030367005,3.960717445077008e-6,0.888103106991191,3.9607166048747594e-6,0.10093145657028448,3.960730315053239e-6,3.960717166966437e-6,3.960726175779756e-6,s155
0.28395692620850116,0.09974399422400729,0.005587142633821237,0.04868171579802799,0.006694786888646454,3.5330504870701955e-6,0.5389144596273185,3.533046503517078e-6,0.016413908522686715,s1550
0.12722984276731042,0.7711003846200345,6.876489361388111e-6,0.058241641095087435,6.876487104996259e-6,6.876499880888725e-6,6.87649422455311e-6,6.876487477322612e-6,0.04339374905951856,s156
4.5903112394011376e-6,0.005360786177019102,4.590311193593325e-6,0.9585616030085313,4.590311530253346e-6,0.0066832088057454,4.590325694325283e-6,0.029371450428795,4.590320251592109e-6,s157
0.32621603073208644,2.993684728490574e-4,2.465569446348381e-6,0.018792221816190065,2.4655695339190096e-6,0.0059659405333548745,0.6487165761651359,2.46556970388058e-6,2.465571699592855e-6,s158
2.126008832520401e-6,3.9531229261502475e-4,2.1260088516060653e-6,0.927290066684281,0.03974738595256915,0.03176162518845049,1.2974424888178616e-4,2.1260090527747474e-6,6.694876064655347e-4,s159
3.5102022131778203e-6,0.9014670314572941,3.5102022359670326e-6,0.020303423499119407,3.5102022470425686e-6,3.510202579268579e-6,3.510202203384844e-6,0.0782084838291459,3.5102029616723103e-6,s16
3.1574355601040185e-6,0.10264237843991339,3.1574314504646365e-6,0.74322922343951,0.11784139432807204,0.0014258008968123295,3.1574353404517327e-6,3.157428733694079e-6,0.03484857316460745,s160
7.592872438794836e-4,0.8437206017144809,2.671012659316096e-6,0.13810832143409382,0.017266538567251598,2.671019425247759e-6,2.671022605028816e-6,2.6710125912423026e-6,1.345669730132678e-4,s161
8.660828834979585e-4,0.9880361086760098,0.0035695119100551736,3.8497534451475165e-4,0.0037940202939656604,7.439424911307443e-5,1.7208193623014066e-6,1.7208146270634793e-6,0.0032714650088543407,s1612
3.2563648474194176e-6,0.9969347957858454,3.256364785999755e-6,2.9321529789611136e-4,3.2563649358128584e-6,0.0022018932732429924,5.5381381351815e-4,3.256365887519322e-6,3.2563690406542883e-6,s1615
2.7899383717492927e-6,0.8394140218663213,0.06120517810695871,7.453608998333765e-4,0.003178444765213138,0.042046937142978566,2.789942938811567e-6,0.0534016873944556,2.789942928759634e-6,s162
7.444522959505168e-6,0.0015593465909728942,7.444523817661285e-6,0.9711453349721619,0.01701046934006848,7.444528327371838e-6,7.44453784021754e-6,7.444523512222365e-6,0.010247626460339703,s163
2.196046612381208e-6,0.9944012443222092,2.1960465138200967e-6,9.14225725316259e-4,2.19604667101e-6,0.0034756612393567234,5.443349584816724e-4,3.449489210453776e-4,3.1299669379358585e-4,s1639
6.066016233342137e-4,0.9752190578367851,8.051312571051917e-6,0.006438733837970403,0.01769535013835487,8.051311874427977e-6,8.051312309474148e-6,8.051311862333122e-6,8.051314938191331e-6,s164
1.7549019074429594e-6,0.9793962358942554,1.7549019017476986e-6,1.7549019176398925e-6,0.005413659386416092,1.7549062674029197e-6,1.7549031756887152e-6,0.014904642035291536,2.7668816886712827e-4,s1642
1.2781002580925478e-4,0.9906526255497063,4.175927602071771e-6,0.006267228993048265,1.9110905925291818e-4,0.002744522650001086,4.17593507280202e-6,4.175928966139092e-6,4.17593054109597e-6,s165
2.2741725690473207e-4,0.9446068257046188,2.2304769146973122e-6,4.363284297826687e-4,2.2304764004521504e-6,0.047271833270890275,5.960651497278599e-4,2.230476650640913e-6,0.006854838758109888,s166
0.00240906453799981,0.7937967028538178,2.0876819184842345e-6,7.781698317175426e-4,2.0876819976680877e-6,0.2016977501082179,0.0013099619373493105,2.087682316598081e-6,2.087684664919761e-6,s167
0.0059642275191617135,0.25020599827226975,2.344540798915224e-4,0.707749411819456,0.006358228923780945,3.7941995056011353e-6,0.003808008730848302,3.7941885200661244e-6,0.025672082266566087,s168
1.6677870952376457e-6,0.934867298850999,4.70470586290246e-4,0.001161505288265668,3.0054001494401073e-4,0.012382001135843331,0.025006117385384663,0.02580873116858514,1.6677825928400313e-6,s169
4.442174853169835e-6,0.08761254282667345,4.442174965849767e-6,0.89733713326672,4.442175579993953e-6,4.442188628207926e-6,0.015023670826957578,4.442176654035652e-6,4.442188967654163e-6,s17
2.383558824155878e-6,0.881065092958862,2.383559278000865e-6,0.014678641782165993,2.3835593817175575e-6,0.00893314864858508,0.056605838690369385,0.012355992000188368,0.026354135242345242,s170
0.11013444950073825,0.10613713074283251,0.0059944195181918175,0.7251090167370261,0.04932522446548263,0.0032916637789472993,2.698423344406203e-6,2.6984149869838104e-6,2.6984184498856405e-6,s171
3.3270909962213486e-6,0.9913161964967588,3.327091804823876e-6,0.0011009725401604396,3.327090934167621e-6,3.3270968833989353e-6,3.327094525153124e-6,0.007562868402511961,3.3270954250903493e-6,s1716
0.020561821546525593,0.9174615143146019,3.8405705364338486e-6,3.840570016392345e-6,0.034118047586636224,3.840581010823427e-6,0.02665996115753526,3.840570888237153e-6,0.0011832931022492722,s173
1.0048161915181713e-5,0.009112154715944284,1.0048161738722751e-5,0.5638356475429304,0.0028379706964121623,0.007609428511506727,0.009855333078519274,1.0048162613016717e-5,0.4067193209684202,s174
0.5502296953736381,0.0013088741524706637,2.8375349699209197e-6,0.08341756770247082,0.003837308778393419,0.14495144491886736,0.19965463991318128,2.837535020290662e-6,0.0165947940909882,s1741
2.892689836739822e-6,2.8926897737127214e-6,2.892689735470086e-6,0.7933901502290788,0.20305243687624275,0.001399706875775273,2.8927000906149522e-6,5.652055190079972e-4,0.001580929730458759,s1749
0.00619884853883143,0.8933528253888666,0.008854688876126867,0.06589990089928394,0.012484841756719552,0.003594780628725515,0.009608925647959829,2.594128247976399e-6,2.594135238220871e-6,s175
2.4313769489313298e-4,0.9991868736165296,2.6978780967334947e-6,2.6978780533299028e-6,2.6978783061212154e-6,5.538014092327638e-4,2.6978826739535064e-6,2.6978785400871217e-6,2.6978836742384363e-6,s1750
0.014594600688093746,0.7883419361656923,2.8189118901694243e-6,0.15165970808690446,0.03107800095999571,0.010668040270673113,3.435848513608505e-4,0.003308491146914383,2.818918475191368e-6,s1755
2.5970068322734736e-6,0.9306251417349534,2.5970070674736576e-6,0.038372001435668705,0.02165508981768408,0.001157190341217664,2.872297401100134e-4,2.59700730693872e-6,0.007895555909159486,s1759
2.697256240098011e-6,0.9371782974655888,2.697234636994382e-6,0.024907138593113182,0.011330788981381814,0.023068939535144585,0.0031626616742140693,2.697235038755673e-6,3.4408202464169694e-4,s176
0.5177950840258376,0.43581246627862336,3.3895760755894073e-6,4.968309525722225e-4,3.389575751892537e-6,0.017085978258062233,3.389588225043734e-6,3.389577005527667e-6,0.02879608216784651,s177
0.001072315798641196,4.408427407484442e-4,3.425506654772055e-6,3.0963101233141935e-4,0.982812490434184,0.01331748283620369,3.4255111608070165e-6,3.4255071243723778e-6,0.002036960652951425,s178
1.232032867217785e-4,0.0397325103960181,2.0325318799136467e-6,0.9587944952587613,2.0325316365486266e-6,2.0325317759612276e-6,2.032532200591329e-6,2.032531601895439e-6,0.0013396283994038473,s179
0.03859443464505844,7.952921773001018e-4,2.2359893307177574e-6,0.9089444959191186,2.235988610982552e-6,0.012072882039037051,2.2359903419223637e-6,2.2359890285335955e-6,0.039583951262173615,s1791
0.0011448791491722409,0.0018124475188626334,3.3916089002951096e-6,0.9622027298048186,0.03080242224898795,0.004023954827502155,3.391615174130008e-6,3.391609534940652e-6,3.3916170471163404e-6,s1797
2.2604174966023564e-6,0.9990325196761012,2.260417712464302e-6,2.2604175200509215e-6,2.2604175856247077e-6,9.516573965818617e-4,2.2604212311747522e-6,2.2604174534934506e-6,2.2604183175149285e-6,s18
2.401194315275934e-6,0.4438650643581403,2.4011906724014183e-6,9.962318982269594e-4,2.401185762197242e-6,0.38838842469032925,0.10248837824548683,0.062266978776865906,0.00198771846020079,s180
0.25263446946850476,0.00125712857291293,2.802728969923482e-6,0.6222205594357083,2.802728495259591e-6,2.8027300715028896e-6,0.12277501972237974,2.8027284706702983e-6,0.001101611884486864,s1805
0.020955483624098107,0.007900692624364632,0.19101377118501214,0.2280492201622969,0.10545425789109421,2.91681131935738e-6,0.018374104536412722,2.916810306568226e-6,0.4282466363550953,s181
2.1965441126540475e-6,0.9763641178136161,2.196544141196192e-6,2.196544104702662e-6,2.1965442551993934e-6,0.019636529945689627,0.002521197499934678,2.1965449099361665e-6,0.0014671720192359727,s1811
2.148966455553088e-6,0.9991357865319649,2.1489665446510235e-6,2.1489664783511094e-6,2.148966721757495e-6,8.49170691593103e-4,2.1489697698167545e-6,2.1489669225469387e-6,2.148973549327318e-6,s1816
6.759958913018159e-4,0.9709657915129484,4.0795863817966253e-4,0.010831361532792032,0.0021375700738579715,0.009659133166640101,0.0018490252774322241,2.2595148243057206e-6,0.0034709043920234063,s182
4.379958639998205e-6,0.004760463654124394,4.37995966706973e-6,2.64369116315786e-4,4.379958851940563e-6,0.9289586332806915,4.379971000980522e-6,4.3799595216948e-6,0.06599463414118656,s1834
0.0011967049358498044,0.9088949076460893,0.015504582366220767,0.03376316710108668,0.04012490254902148,2.309658949527767e-6,3.3140967942745046e-4,2.3096548185172503e-6,1.7970640853653153e-4,s184
0.26091760976621087,7.481603245365901e-4,3.144844430598229e-6,0.022550788211946185,3.144844436865515e-6,0.1288922553742327,0.5868786069433128,3.1448445458447464e-6,3.144846347527354e-6,s185
3.815735847069489e-6,0.11435692014033494,3.815736572557349e-6,0.8856163696905686,3.81573685371322e-6,3.815739522623999e-6,3.815736397467393e-6,3.815736552361418e-6,3.8157473507500136e-6,s1854
3.318467757954955e-6,0.9573165199820995,0.0025617012785844155,3.318467779379572e-6,0.008414067170098235,0.006756659949459534,3.3184753943166954e-6,0.024937777738640785,3.318470185828397e-6,s186
2.152468176348456e-4,0.21280053367406804,0.01837041194046108,0.6842319714547564,0.0156529880253344,0.06828410592654892,2.3894376059797426e-6,2.389434215182562e-6,4.399632893750657e-4,s187
0.08307142425202578,9.753277730258812e-4,1.7002915469191852e-6,0.0032626523343364184,1.7002915880368671e-6,1.7002964615565392e-6,0.9126820941758926,1.700291761158492e-6,1.7002933616409964e-6,s189
7.017293568829259e-6,0.0033274189984197457,0.42080700754420153,7.017279105307812e-6,7.0172790718144e-6,0.045934253690501733,7.0172908212627295e-6,7.017279382958769e-6,0.5298962333449267,s1896
2.9732969816084356e-6,0.9514291788320266,2.973297241286242e-6,2.9732970643656234e-6,2.973297198045161e-6,2.9732969877307723e-6,0.002237502270783735,0.046315479114731745,2.9732969849390343e-6,s19
1.771161757561445e-6,0.9982649843105911,1.7711617610410976e-6,3.15636854870319e-4,1.7711617795277107e-6,0.0013118741062523762,9.864891840249939e-5,1.7711619123525345e-6,1.7711626733215675e-6,s190
0.1482276959947292,0.042074385495745006,3.754929702642102e-6,0.5934269976918684,0.14316645141775436,0.013213337619554011,0.012807841988154147,3.754930019860519e-6,0.04707577993247239,s1907
6.572778370710077e-6,0.9886248066582154,6.572778963260432e-6,0.0016757473162958322,5.048995996744379e-4,0.006020806077152982,6.632836099258222e-4,6.57277982498215e-6,0.0024907384015766774,s191
0.05910950106427882,0.01601758158461928,3.5193056897644546e-6,0.7295035777308427,0.070656858552224,3.5193042760535877e-6,3.519304514817696e-6,3.5193042331278324e-6,0.12469840384932142,s192
4.906253205283028e-6,0.0010102065722534593,4.906256010813247e-6,4.906252672460735e-6,4.9062523627556674e-6,0.9969205174167801,4.9062524761174105e-6,4.906252369211988e-6,0.0020398384918697467,s193
4.792948964253556e-6,0.7468644158088904,0.05902794901167611,4.792940299432496e-6,0.019139817924822958,0.13392538494987255,0.04102326052874809,4.792941160100121e-6,4.792945566081772e-6,s194
7.248125051683302e-6,0.5827477234413022,7.24812639109718e-6,0.3141288536877835,0.007384468365682204,7.248127970783471e-6,7.248126278888415e-6,7.248125059807031e-6,0.09570271387447987,s1946
0.10995228669911535,0.004937571024179608,0.47159340038237585,5.901562080862248e-4,0.18250333798098944,4.425092593192575e-6,4.425090609456794e-6,4.425084660057931e-6,0.23040997243739086,s195
3.37256168713864e-6,0.9211709509020496,3.3725616687594243e-6,0.0388215032106365,0.007205208859617837,3.372566351578202e-6,3.3725636837143907e-6,0.032785474211555615,3.37256274930422e-6,s196
2.3184132876779014e-6,0.9999814526933505,2.318413286139541e-6,2.3184132875182102e-6,2.31841328936611e-6,2.3184135243127733e-6,2.3184132935336e-6,2.31841334069168e-6,2.3184133402201517e-6,s197
1.5424695398542223e-4,0.9782907633528759,2.0503406276080004e-6,0.02110511265848656,2.0503406376649514e-6,2.050341287659579e-6,2.0503407688022357e-6,2.0503406853417356e-6,4.396253306450884e-4,s1970
3.6344127079501986e-4,0.9373566028007506,4.059274774492726e-6,0.0519607601403706,0.010298899414386201,4.059274617027886e-6,4.0592748854115476e-6,4.0592746108052855e-6,4.059274809856096e-6,s198
0.06326344177816991,0.3754353813206773,7.338750890327418e-4,0.45460313675964237,0.036769322550089176,3.090855909853208e-6,0.05565404258889091,3.0908449203540064e-6,0.013534618212667425,s199
0.0010107949955121313,2.8773583463134298e-6,0.006801530511675601,0.9653033047105377,2.877358479800949e-6,2.877365604691571e-6,0.025732414264641183,2.8773589077674126e-6,0.0011404460762948576,s2
4.292141302065433e-6,0.8472775424419412,4.292141402206072e-6,0.014761711513803902,0.006285191210706176,0.06455010821192027,0.06112147920401685,4.292143052003064e-6,0.005991090991855389,s20
0.018451707278187453,0.7304190932089594,4.711415968506693e-6,0.21223035062956394,0.021548439891495966,0.0059843341249156,0.0015826252847598863,8.299198733503606e-4,0.008948818292798845,s200
3.1572812061851326e-6,0.8122160356303622,3.1572812556692667e-6,3.157281398606396e-6,3.1572816889807416e-6,0.0013886033041929492,3.1572883378611464e-6,3.1572814025532564e-6,0.186376417370155,s2009
0.058898157600612004,0.582191810924435,4.260613157444825e-6,4.260612406983983e-6,0.3422195245797796,4.260615358555118e-6,4.260617839337581e-6,4.260612488219254e-6,0.016669203823922934,s201
0.0047191225791604514,0.9259011592640768,0.02299498342281831,4.7695206019173994e-4,0.014934117187979132,0.030247336163498704,7.223458648406518e-4,1.9917281379442874e-6,1.991729296235741e-6,s2016
3.549308675521711e-6,3.549307272255849e-6,0.009651879197840796,3.5493072647353683e-6,3.549307365786367e-6,0.9719701448223202,0.005067917446674259,3.5493075563202893e-6,0.013292311995030167,s202
2.728796346295998e-6,0.5870669496388138,2.7287983260897797e-6,3.6663674469900124e-4,2.7287964885966682e-6,2.7288028847629348e-6,2.7287987661687213e-6,2.7287966470237553e-6,0.41255004082702823,s2025
3.8401352705250555e-6,0.001187654281434344,0.0012202285537611394,0.963454174160972,3.8401355706153e-6,0.0064703995890327696,3.840144363275821e-6,3.840137051167233e-6,0.027652182862544054,s203
0.026618026388270415,0.3878248295230644,1.7443017981829603e-6,1.7443016404147416e-6,1.7443017923430902e-6,0.5774831262060535,1.7443095963115237e-6,1.7443016753776628e-6,0.008065296366109156,s204
2.6061826261305163e-6,2.6061826364800528e-6,0.03933147672952828,0.7071664598030307,2.6061828656790254e-6,0.008331108588051141,0.0011366501960975452,0.24402387994810507,2.6061870589428167e-6,s205
2.3763807573927787e-6,0.900050669511889,2.3763810283868493e-6,0.024724612600908535,0.010972685600147775,0.001709758763685878,0.0334702655934959,2.376380860498979e-6,0.029064878787226613,s206
0.03342119881552211,4.901256346532009e-4,2.6648242641331216e-6,0.751463381269259,0.2121246976631215,0.0024899373108160927,2.6648327659081032e-6,2.664824224384142e-6,2.6648253735487913e-6,s207
3.3936439986665876e-06,0.7223896967903837,0.0030231483653678976,0.11023258871573256,0.009174394616220813,0.10024835564827328,0.046297077862318424,3.3936451702866645e-6,0.008627950712534456,s208
8.103227125874022e-6,0.12079444992037917,0.01644322459958821,8.10322711693614e-6,8.103227145127855e-6,0.11164913995023103,8.103231469075825e-6,8.103227195969976e-6,0.7510726693897486,s209
1.8963049642429142e-5,1.8963049616056023e-5,1.8963049508479037e-5,1.896304964931736e-5,1.8963049679950652e-5,1.896307062016731e-5,0.9998482955744062,1.8963050385198293e-5,1.8963056492177585e-5,s21
2.6343076778097742e-6,0.8211848141444354,2.6343079413200703e-6,2.6343077036981326e-6,2.634307931610771e-6,0.021159262305663326,0.002226007738659487,2.6343082665123758e-6,0.15541674427172075,s210
0.3251636063180944,4.253565604623917e-4,1.803451502863167e-6,0.1820670556941165,1.8034515396104743e-6,1.8034568621516248e-6,0.4923349641634114,1.8034516314140248e-6,1.80345237942672e-6,s211
1.7056763065890666e-6,0.9999863545861782,1.7056763108234379e-6,1.705676304413114e-6,1.7056763797187043e-6,1.7056773863990175e-6,1.705677174196872e-6,1.705676412745825e-6,1.7056775468834165e-6,s2117
2.246647947875135e-6,0.9934598717736889,2.2466479513745116e-6,2.2466479463893525e-6,2.246648016221698e-6,2.2466488499000948e-6,2.246647934827715e-6,0.006524401688452789,2.2466492117546967e-6,s2118
2.3593606890704365e-6,0.9949653089632592,2.3593607254428864e-6,0.002059648438484664,0.002101979464682462,8.612663235331445e-4,2.359366869833008e-6,2.359360747402522e-6,2.3593610087993084e-6,s2119
2.0368631311792895e-6,0.9329502638603888,2.03686318446109e-6,2.0368631215297703e-6,0.0061677230788037656,0.059340134577296,2.0368668453392607e-6,2.0368638733100683e-6,0.0015316941633557245,s212
3.3794478256888935e-6,0.35762337136932315,0.18110788143557988,3.379447965346587e-6,3.3794485568092736e-6,0.18485770447844557,0.05229624324309847,3.3794483508148292e-6,0.22410128168085425,s2120
0.0024014637757119265,3.176196402507257e-6,3.1761964449692945e-6,0.5137632362910898,0.4793230489124198,0.0030385067690808618,0.001461039460472743,3.1761970587369097e-6,3.1762013186625772e-6,s2122
0.6232416929381045,0.03702564141809911,0.28905844917670537,3.295743616836729e-6,3.295743673960125e-6,0.0010037862879351414,0.002977102731418512,3.2957438479645486e-6,0.04668344021659858,s2123
2.0916916697508292e-4,0.9680518936677194,1.755764633118464e-6,0.0147585611034119,0.01681206755445778,1.7557645957094303e-6,1.755764684228503e-6,1.755764577500736e-6,1.612854489452683e-4,s2124
0.8214623880784968,3.3401918933827313e-6,0.17851423057276847,3.3401918348485335e-6,3.3401920713460146e-6,3.3401917517436408e-6,3.3401965914134637e-6,3.3401916540231776e-6,3.3401929380559717e-6,s2125
1.7694991639713816e-6,0.9748897603207622,1.7694991956217344e-6,0.009696321985097222,0.013838779998721145,0.0014274134801264106,1.7695057875186022e-6,1.769499864713963e-6,0.00014064621128121471,s2128
2.057177621285184e-6,7.993307608701031e-4,2.0571783925736733e-6,0.8951037826495885,2.0571776985182492e-6,0.09805424327811106,0.002146738995222139,2.0571781268100536e-6,0.0038876756043689934,s2129
0.19139131129745818,0.0011067036162196748,2.251343726711748e-6,0.6628325736407001,0.1060612349842991,2.251350736340021e-6,0.03859917107112779,2.251343722050044e-6,2.251352009931917e-6,s213
3.043577992457965e-6,3.2834748435325335e-4,3.0435736386375615e-6,3.0435735228611948e-6,3.0435735638632e-6,0.4947615185517917,0.43971290559995946,3.0435737378592877e-6,0.06518201049144001,s2135
2.3801312447745372e-6,0.9998153748243878,2.3801311688324245e-6,2.3801311859428652e-6,2.380131241397985e-6,2.3801343798045028e-6,2.380131362036531e-6,2.3801312863492724e-6,1.679642537430013e-4,s2138
2.1658387383686035e-6,0.5808085394946761,0.014455135084241242,0.16333089073129164,2.1658387440855254e-6,0.22893051161315423,0.012466259715442626,2.1658390644220493e-6,2.165844647260326e-6,s214
1.63424465491361e-6,0.745488763996671,1.634244722194523e-6,0.16931527074945874,0.06343301064516396,7.707878369631548e-5,1.6342453026659654e-6,1.6342447122874446e-6,0.02167933884561788,s2145
1.370767786035123e-5,0.003666874191501882,1.3707679135202447e-5,1.3707677272121958e-5,1.3707677198585378e-5,1.3707695460659162e-5,1.3707691164934508e-5,1.3707677298750741e-5,0.9962371720331075,s2147
0.6573719099002631,0.03322228234868285,0.16010901267685884,2.5728836251746567e-6,0.13263339097854399,0.0013215844437061437,0.008884408010459519,2.5728838494345217e-6,0.006452265874011041,s215
4.013186342110536e-6,3.773449843628426e-4,4.013183783689668e-6,4.013183765455628e-6,4.013184044747194e-6,0.9150019641913499,0.0693172981360646,4.013184487044414e-6,0.015283326765799524,s2150
1.9382574661485105e-6,0.9531021978230757,1.7540802480920872e-4,1.9382534499045462e-6,0.0034981914881610913,0.03648445115294546,1.0525845802723428e-4,0.006505445869605842,1.251706724593936e-4,s2151
0.15888686175533,7.613441961547401e-4,3.7420916003829514e-6,3.742091627415887e-6,3.7420917771298225e-6,0.6995718399483143,0.04643277319779929,3.7420922383048325e-6,0.09433221253515849,s2153
1.523139782560681e-6,0.9822918915700781,0.004503231355002764,4.570326888805566e-4,0.005820224640098597,0.001961070817049879,3.8164154479745834e-4,0.004581861100757521,1.5231435525576787e-6,s2154
0.0011178169984593254,0.8410166292274885,2.1588111639458287e-6,0.1451808239574049,0.012529405033595974,2.1588151611758396e-6,2.1588160433399946e-6,2.158810797569295e-6,1.4668952988527027e-4,s2156
1.4418354377843034e-5,0.12190434632082985,0.5527649198067403,0.10834944123527022,1.4418311732870425e-5,0.07848747204189545,1.4418327851297895e-5,0.006514612934635419,0.1319359526666668,s216
1.932457932364445e-6,0.9825051806413683,1.9324579324347e-6,1.932457931411272e-6,0.010252464745846847,1.9324581510216684e-6,1.9324580940242827e-6,0.0072307598645512195,1.932458192447436e-6,s2168
3.848847325386714e-6,0.8567892957673576,0.004351106896533908,0.0175446422580027,0.013024429768942632,0.060935261656426064,3.848860567542997e-6,0.04416402398628268,0.0031835419585614904,s217
0.011717266122238107,0.7570169510392041,2.0382705657968482e-6,0.18105259877463928,0.015331644343488441,0.02301199933964005,0.006454204207032066,2.038270862490607e-6,0.005411259632329729,s2173
2.1398986054835836e-4,0.9743503791706893,1.109415010162052e-6,2.94552048725582e-4,1.1094150337550817e-6,1.1094173833681108e-6,1.1094161502770927e-6,0.025135531841194582,1.1094152645337561e-6,s218
1.2092949614411613e-4,3.8669992941128064e-4,2.0128183209884214e-6,0.9994802936572618,2.0128182918811387e-6,2.012822344460416e-6,2.012821595739179e-6,2.0128179762396722e-6,2.0128186535766577e-6,s2181
0.606544222977954,8.810121558823469e-4,0.27709656644039404,0.011366236118747697,0.003012769325895909,0.048160879352507596,0.023798668176752014,9.031796864820219e-6,0.029130613655001688,s2184
0.4931125246174697,4.1762267939046574e-4,1.830548443097023e-6,0.3503254431136487,1.8305485040531243e-6,1.8305514983044615e-6,0.15530753176419976,1.8305487346970527e-6,8.295556281112465e-4,s2188
2.6014871317333967e-6,0.807538796088515,2.601486916704033e-6,0.17657666573620748,2.601487137900258e-6,0.012573711779436562,0.002932693697297071,2.60148762641659e-6,3.6772674973110995e-4,s219
0.21144538144976077,0.007537818710289956,6.920668150160058e-6,0.001128142790049526,6.920667806764335e-6,0.7783615253614398,6.920688225821135e-6,6.9206680256211005e-6,0.0014994489962515416,s2191
0.08729583165529664,0.9123348931440949,2.09736034553502e-6,2.169642433300814e-4,2.0973603859873188e-6,2.097365272214917e-6,1.4182414905409676e-4,2.097360446436002e-6,2.097361774122634e-6,s2199
3.251216503716546e-6,0.884694096163859,3.2512166709869323e-6,3.2512165786882766e-6,0.012905863385972471,0.08858458561823378,3.2512248134690636e-6,3.251217513492147e-6,0.013799198739854336,s22
2.512304070596128e-6,0.9681513193065696,2.668581280363527e-4,0.0013914915399318353,0.008088531691592963,2.5123116793767672e-6,0.013381342321932043,0.008712920085899216,2.5123102879711387e-6,s220
0.28659114906439553,4.888183634084237e-4,2.175002075242601e-6,0.692322687278942,2.1750016289793923e-6,0.016903052343148147,0.003685592937892154,2.175002027658453e-6,2.175006481865697e-6,s221
1.9842152347641364e-6,9.90001126719359e-4,0.09976018385992937,0.8992379097206192,1.98421528612692e-6,1.984215238486375e-6,1.9842152337846677e-6,1.9842152438480425e-6,1.9842164950238726e-6,s2216
1.7163318003493123e-6,0.9484552464716889,0.002574086790074212,1.7163318317038068e-6,1.7163319073157652e-6,0.025222130676943445,1.7163339353747491e-6,1.7163326628188751e-6,0.023739954399156014,s2218
1.4370221444699858e-6,0.9829243736645281,0.001197411231445483,1.437022147196171e-6,1.4370222210735862e-6,0.0031466696777688696,1.4370258301094323e-6,0.012724360310353648,1.4370235610030523e-6,s222
0.025897348611007103,0.8364981875011197,0.001895447082725573,2.0359464893178943e-6,0.012670015383677583,0.11528758460428416,0.007745308974489981,2.0359468295739815e-6,2.035949376998396e-6,s2224
2.7617796551262307e-6,0.5573240783035343,0.0990705576385216,2.7617797447610864e-6,0.018412349281589437,0.22912147377057482,0.06442550711802984,0.007056335171791464,0.0245841751565588,s223
1.6562214731573442e-6,0.7975151569481642,1.6562214837674748e-6,0.20247324949526208,1.6562215238105067e-6,1.6562245228338738e-6,1.656223240408176e-6,1.6562215841383597e-6,1.6562227456406726e-6,s2236
0.19295114951086398,0.28033087461582845,3.996639019875016e-6,0.43874740507601295,3.996639116717646e-6,0.00954331737504141,0.01381004448063063,3.996639535464859e-6,0.06460521902395049,s224
2.6232081668396505e-6,9.619024684375019e-4,2.623208176492813e-6,0.9818179781560704,2.6232082463529266e-6,0.00834455905394348,0.008862444278331737,2.6232084040892355e-6,2.6232102231333493e-6,s225
0.703080500563825,0.001588090978491236,0.0989163958069347,5.075033668521948e-6,5.075033969838404e-6,0.0571639164122064,5.075039986980251e-6,5.075034990011168e-6,0.13923079609592742,s2257
6.532150447953279e-4,0.9705326488857052,2.5491086693889184e-6,0.010927553918805828,0.00884407963925628,0.00844399091062492,2.549112335897936e-6,2.5491093266438387e-6,5.908642704804775e-4,s226
2.2725592168146237e-4,0.7682454510790705,1.5272532224375223e-6,0.22187363575290014,1.5272532499846043e-6,0.0017461686219345709,1.5272584007592052e-6,0.007901379605686336,1.5272538538356964e-6,s227
3.119258675088639e-6,0.6768655542477269,3.119259357921509e-6,0.008761676000584527,0.12164652666075194,0.1911023312485062,3.119260361525085e-6,3.119260124713486e-6,0.0016114348039111587,s2279
0.24276599383176872,2.546068882974983e-4,1.4989830383597138e-6,9.655808743515826e-4,1.4989829995756434e-6,0.21142442449180182,0.5445833979801732,1.4989831296192057e-6,1.4989844396998588e-6,s228
2.166392830845027e-6,6.683279636971446e-4,0.004585757381711097,0.9524651519855837,0.041812582029992953,4.595150629519248e-4,2.1663962170013886e-6,2.166392035573738e-6,2.166394979846864e-6,s2287
0.28305047078800305,5.368203597839531e-4,2.531422085367814e-6,0.15659109479899033,2.5314220852137496e-6,0.018083191092307306,0.5417282972687638,2.531422471638134e-6,2.531425509334361e-6,s229
2.600589615727538e-6,0.8132323452065225,2.6005897822083618e-6,0.18674945065323503,2.6005899842006814e-6,2.6005917122833848e-6,2.6005951709354545e-6,2.600589903972293e-6,2.600594073048952e-6,s23
1.9031385389841378e-6,0.992748919958224,0.006844729412464694,3.9493179755874957e-4,1.9031385383699743e-6,1.9031385557147546e-6,1.9031385285712427e-6,1.9031385389165816e-6,1.90313905206573e-6,s230
0.10740018876570162,5.680540445381144e-4,1.6786314410881424e-6,0.7064485444662485,0.00156741131062394,0.07226944774287483,0.11174131777443838,1.678631376330321e-6,1.6786327572160659e-6,s231
0.2397095662204221,6.733635090371587e-4,1.972507292429906e-6,0.005698434049525559,1.9725073397626373e-6,0.0374093700719907,0.7165013761187896,1.972507436082394e-6,1.9725081666601444e-6,s232
2.618057538719714e-6,0.9868595886702346,2.6180506119474255e-6,0.010247924174183496,2.6180469624097285e-6,2.6180511433762367e-6,2.618051912942322e-6,2.6180471887588266e-6,0.0028767788502237755,s233
4.1124090879561725e-6,0.8662060700928348,4.112409131337327e-6,0.06983494898020441,0.0217443184649948,0.0071487054523387515,4.112424283274435e-6,0.03504950735603675,4.112411087981055e-6,s234
8.787457274501293e-4,0.9492915868667152,3.124285195287657e-6,0.04018844395374655,0.009625602012312998,3.124294154369024e-6,3.12429076007648e-6,3.1242847859759993e-6,3.124284879422056e-6,s235
0.0011117519743225307,0.9372611301466464,7.993342529298994e-4,4.6446161431959474e-7,0.009357032514473479,0.020449879310075345,0.0025209586664754514,4.6446178535177965e-7,0.02849898421167722,s236
0.181655447442906,6.144303859798022e-4,2.0748519561836232e-6,1.4393283938507324e-4,2.0748519366908625e-6,0.10133358082671112,0.7162443090955742,2.074852273745497e-6,2.0748532770931152e-6,s237
4.158271635208229e-6,0.705607261139439,0.016194793742646412,0.05687631924501417,0.011394097736349586,0.1353925322609288,0.07128955521948571,4.158272419464296e-6,0.0032371241120816587,s238
0.2336057792992503,0.0011087714461707149,1.88952009166452e-6,0.03911459151644259,1.8895201836214409e-6,0.20581525443287277,0.5115114435920453,1.889520512027412e-6,0.00883849115243102,s239
0.4692513595514026,0.0011500278450791142,0.5025868728476228,8.874700259512011e-6,8.874701096805359e-6,8.874731337768574e-6,0.001040144859276801,8.87470377468267e-6,0.025936096060149797,s2394
0.26071830043270483,5.0493558185112e-6,5.049358670379905e-6,0.5801669758612615,5.049356164414655e-6,5.04935930413417e-6,0.15908442755005717,5.049355846740038e-6,5.049370172234762e-6,s24
2.116526756927425e-6,0.9784550455680814,2.116526834794412e-6,2.116526782749382e-6,0.006071756304606781,2.116531307327807e-6,2.1165303063455026e-6,0.015460498957279007,2.1165280446228073e-6,s2416
0.0021418170660140964,0.9512295488563581,0.0033323480394379205,1.6477762854514306e-6,0.007465070979991009,0.009441907360299026,0.0017469510178448225,1.6477768931245723e-6,0.024639061126876343,s2426
1.650086492317896e-4,5.536243174029661e-4,1.2290919216787496e-6,0.9702365118808302,1.2290919739093958e-6,0.012474626879800773,1.2290937089635324e-6,0.016565311902298447,1.2290928313366384e-6,s2442
0.015212610915766256,0.8670586019735534,2.171243915377822e-6,0.024982190351389644,0.023028589247695526,0.029919314371228283,2.1712503726171146e-6,0.012705632653042545,0.027088717993036294,s2468
0.4629523827056783,2.3027577379158384e-6,2.3027577400353647e-6,0.006395122150547121,2.302757809160529e-6,2.302764123406015e-6,0.530638678587385,2.3027580891127334e-6,2.302760889925327e-6,s2475
8.462997583225986e-6,0.0016350168541923301,0.8825287427953078,8.462983945287873e-6,8.462984162905191e-6,8.462994378138729e-6,0.012883424924885837,0.10076077785746923,0.002158185608075171,s2476
3.811023293431536e-6,8.825579150146256e-4,3.8110218511953882e-6,0.6166286323268655,3.811021825804068e-6,0.10735970659506129,0.2541295178623623,3.8110230408217987e-6,0.020984341210684977,s2489
2.7884480228546717e-6,0.9355934375296356,2.788448252252412e-6,2.7884480955824393e-6,0.05712783325860405,0.0072619985162951615,2.788451069268393e-6,2.788449073135589e-6,2.788450951987502e-6,s2490
0.3001918703435607,5.256248321127692e-6,0.6003127733292319,5.256248335968051e-6,5.256248581042933e-6,5.2562622521490785e-6,0.03607411627764747,5.256249735230964e-6,0.06339495879233442,s2491
0.774828051888898,0.0011304340674069613,0.22074702572484686,5.826846610109273e-4,3.1221286593238152e-6,3.122133595441466e-6,0.0010543770106234006,3.1221287135325436e-6,0.0016480602562454567,s2493
2.3879201793414073e-6,0.9885926981909886,2.3879202043134675e-6,0.005091326029710549,0.0063016482460149705,2.3879263754529336e-6,2.387924138167047e-6,2.387920392121526e-6,2.3879219964994464e-6,s2494
3.214562332665246e-6,0.9993594845082701,3.214562426662512e-6,3.2145623653495784e-6,3.2145625197439344e-6,6.18013544336598e-4,3.2145668056387106e-6,3.214562904669698e-6,3.21456803865214e-6,s2495
3.415937072162711e-5,3.415937550939568e-5,3.415938118521452e-5,0.006760166059927502,3.4159379461208836e-5,0.9930007183206502,3.415937056918768e-5,3.4159370648926864e-5,3.4159371326849236e-5,s2496
0.014210158411220824,0.7281638316797078,4.0286707527553415e-6,0.0015902655105251749,4.0286707375405e-6,0.1961878779755413,4.028679271277194e-6,4.028670664983846e-6,0.05983175173157834,s2497
1.9304239721233677e-6,8.451054033704801e-4,0.01519240985303861,0.9839509021997529,1.9304239713735547e-6,1.9304239734634077e-6,1.930423970873382e-6,1.9304239715409047e-6,1.93042397861557e-6,s2498
4.078797357210582e-6,0.5517005526872825,4.078793562568875e-6,0.12071368516202324,0.015365766457417466,0.03285216557138074,0.18750822858611474,0.0020360238293146795,0.08981542011554698,s2499
4.7647051127803125e-4,0.9861434038805714,3.557494108479163e-6,3.557494167648326e-6,3.557494163272873e-6,0.013358780628867925,3.557507617327025e-6,3.557494691218719e-6,3.5574945346488324e-6,s25
0.002914262925709152,0.9281547969864868,2.3310647829620273e-4,3.7976752119262523e-4,0.005077319468095303,1.7083444710448818e-6,0.0371543774528042,0.01935379946757791,0.006730861355366758,s2502
6.630613261704949e-4,0.8316371848214312,0.0014858562179842017,0.002891021768024728,2.3087059607378415e-4,0.008537035377069601,0.03339457277648149,0.01982777396855164,0.10133262314821292,s2508
0.07531301093243052,0.8675453875415942,2.908185687215995e-6,0.01171709288002811,0.011033680817199501,0.002959644616079836,0.002664676034344873,0.028760690803460835,2.9081891750176557e-6,s2510
5.065940938787508e-6,0.0017856111316350877,5.065940944264331e-6,5.065940939610587e-6,5.065940942814391e-6,0.9981789272810094,5.065941375969481e-6,5.065940963537684e-6,5.065941250491967e-6,s2511
4.4608630534392065e-6,0.001430070075107866,0.004779093696015951,0.7948908410630237,0.194944382292237,7.679434404762775e-4,4.460872363952411e-6,4.4608632448477495e-6,0.003174286834476954,s2512
2.973948560280135e-6,0.6365725601590075,2.973948793939028e-6,0.007011343238250891,0.03920998282032468,0.311160276015543,2.973952078412539e-6,2.973949417712398e-6,0.006033941968023495,s2514
3.609914325186859e-6,0.9977417587340787,3.609914316259928e-6,3.609914329029432e-6,3.60991447606606e-6,3.609924367763974e-6,0.00169540780024819,3.6099148692337883e-6,5.411739689897163e-4,s2515
4.788205702604581e-6,0.005572817014487896,0.6586725088073047,0.0012849195772865743,4.428084616717343e-4,0.32385027203069666,4.788210791748425e-6,4.788206964845307e-6,0.010162309485093324,s2516
0.004472248433310892,0.04632814402401786,8.786762812162636e-4,0.9311123572718317,0.017202143247393484,1.607685308639844e-6,1.6076852769021134e-6,1.6076852017587851e-6,1.607686442458168e-6,s2520
1.7657697569919504e-6,0.9614629527781036,1.765769792215166e-6,0.012637480889061973,0.001171558014633053,0.009601185189672711,0.0144756318945768,1.765770360528776e-6,6.458939240421275e-4,s2522
1.9435450678059057e-4,2.0989938840687122e-4,6.109530723594137e-7,0.7386972743362962,0.24676494785136688,0.002715144489520537,2.716563143040203e-4,0.010274961818892875,8.711503413596872e-4,s2523
3.220664793033932e-6,3.2206647762584667e-6,3.2206648017338063e-6,0.9993792964264665,3.220665036139184e-6,5.9815891106421e-4,3.2206686425649264e-6,3.2206651949556265e-6,3.2206692245331663e-6,s2525
0.531605644988024,5.688481916086004e-6,5.688482265890525e-6,0.10793210701620837,5.6884822007869695e-6,5.688489876708005e-6,0.36042811706893085,5.688482951045216e-6,5.688507626385436e-6,s2526
3.9363634056362965e-6,0.0028003625405091095,3.936363404795408e-6,0.0020342589162927575,3.936363406342971e-6,0.990022965392251,3.9363634519895486e-6,3.936363413192849e-6,0.0051227313338651215,s2529
3.542267154843523e-6,0.5379989382453328,3.542267128386134e-6,5.29213128608231e-4,0.3739161007104354,0.04864702128243739,0.03855796192708186,3.542267786863356e-6,3.401379040340305e-4,s2532
2.8045817964582866e-6,0.9991295413809284,2.8045818314937783e-6,2.80458182484849e-6,2.804581895192342e-6,8.508265347825466e-4,2.8045915134639774e-6,2.8045821242609786e-6,2.804583303287363e-6,s2533
0.014417284720844456,0.8090146417561033,3.349590226088801e-6,0.1480149603768982,0.013864922035937623,0.002288028813304968,3.349606011276528e-6,3.349591324758304e-6,0.01239011350934926,s2534
6.1806720247902675e-6,0.002567599536069243,0.7765824277947853,0.19787638997529994,6.180672291191654e-6,6.180672532139924e-6,6.18067201314722e-6,0.022942679330268157,6.180674716043183e-6,s2535
8.305700594333781e-4,0.06998641136886839,4.550909160785538e-6,0.8210964535572421,0.05216187343251331,4.5509250346616554e-6,4.550923169333231e-6,4.5509090672713435e-6,0.05590648791551082,s2536
0.023799010442520013,0.001715769694728797,2.993496295274444e-6,0.7736412590885088,0.13556757264088223,0.05176744087060583,0.006657172965465363,2.9934967226186898e-6,0.0068457873042710995,s2537
2.2105683278948798e-6,0.9877874995577828,2.210568398786664e-6,2.210568324343784e-6,2.2105685939329563e-6,0.010850131746160839,2.210572830838214e-6,2.210569331511881e-6,0.0013491052802490253,s2540
0.1642196685874212,1.8866387215827932e-4,1.9456446959755957e-6,0.6059953832775157,0.011816687581418878,1.9456482865035824e-6,0.18253617571892858,1.9456448672264202e-6,0.035237584024707745,s2541
3.429834663600967e-6,0.8135029094182566,0.1864730817248249,3.429834696064022e-6,3.4298348654454046e-6,3.4298416440428925e-6,3.4298386417565297e-6,3.4298349472691074e-6,3.429837460289473e-6,s2543
2.31020504716177e-6,0.9850592270664793,2.3102050505452006e-6,9.244109980422157e-4,0.009537125168709547,0.0013468129998560744,2.310209184407286e-6,0.0031231829403586724,2.3102072721022543e-6,s2544
3.7509857156686526e-6,0.9867324624572767,1.7268890332826806e-4,0.012456941411130467,6.191522927325751e-4,3.750985762563246e-6,3.7509856799532284e-6,3.750985681130288e-6,3.7509926925078796e-6,s2545
2.9576170913745975e-6,0.989839401367351,2.957617138550664e-6,2.9576171062364428e-6,0.0038976189603791575,2.957617136672923e-6,2.957617088830474e-6,0.006245233969522933,2.957617185140117e-6,s2546
0.2535159657094696,5.286137355186774e-6,5.286138850417706e-6,0.0010879292402656724,5.2861374818596664e-6,5.286150582249382e-6,0.6233348770515418,5.286137685139985e-6,0.12203479729676803,s2547
0.4522477662743355,0.001253152454251247,2.191295508266241e-6,0.0012184731232984223,2.1912953956404666e-6,0.24137920638532956,0.3038926365786378,2.1912954783742268e-6,2.1912977652384033e-6,s2548
0.7138731100568028,0.001198780082912163,2.6331833179297745e-6,2.6331832483381045e-6,0.2761162847538158,2.6331832192778605e-6,2.6331834217742202e-6,2.633183221973362e-6,0.008798659190040067,s2549
1.2563173524542884e-5,0.4375306976835042,1.2563177492838703e-5,0.005156839144078377,1.2563176812567342e-5,0.5572370841231835,1.2563174155764755e-5,1.2563173518935782e-5,1.25631737292582e-5,s255
0.02001063305238305,0.0011082129479603455,0.029775088694073183,0.8102126729053686,2.705515262224934e-6,0.04766294880109708,2.7055205255864966e-6,2.7055156624722188e-6,0.09122232704766753,s2550
3.119975638484992e-6,0.9751169737935734,0.005999062429425124,3.1199755863021294e-6,3.1199756910733897e-6,0.004794319167803335,0.014074044728053502,3.1199759342390254e-6,3.1199782946259866e-6,s2554
2.659915658636696e-6,0.12498234509209202,0.08537792129057675,0.004680658500454241,2.659915149438406e-6,0.6523382673878664,0.006636204829198436,2.6599158524339393e-6,0.12597662315315175,s2559
5.6652126875694886e-06,0.006735376686148323,5.665212549222313e-6,0.48133680057395906,5.66521266454427e-6,5.665225085522362e-6,0.37501502161620587,5.665213648197757e-6,0.13688447504705176,s2561
0.10458079528901484,0.003782524851971013,0.8565939095293079,0.006215278811100551,8.575275177429461e-6,0.004031773859528969,0.02476999180895958,8.575275960548099e-6,8.575298979130705e-6,s2568
2.3630578288000834e-6,0.9833769609713211,2.3630577692142632e-6,6.288313548905793e-4,2.3630578058700274e-6,2.3630615196778493e-6,2.363057801952334e-6,0.015980029322590426,2.3630584723969035e-6,s2574
3.129038925347401e-6,0.5458443486053961,3.1290391949587923e-6,7.015155556536713e-4,0.4488119404859053,8.304025362910211e-4,3.1290485064298006e-6,3.1290390983317004e-6,0.003799276651028939,s2586
4.533578778780695e-6,0.9714394140095625,4.533579080249337e-6,0.01468493945533986,0.004962746893197611,4.533594730813551e-6,0.005557957013167003,4.533581130291672e-6,0.003336808295012908,s2588
3.4838920608892747e-6,0.8917120363322101,3.483892148101365e-6,3.4838920415318796e-6,3.4838922763402613e-6,0.0025491918908509877,0.001748866520464201,0.09144391555971335,0.01253205412823457,s2599
7.095789999675372e-6,7.095789971114657e-6,7.095789931370595e-6,0.8932300928573963,0.06211485415343286,0.03671412467913012,0.007905449358885394,7.095790215358495e-6,7.0957910378157074e-6,s26
0.005104669290293421,0.9782461683084427,2.082492646135062e-6,7.764398845978892e-4,0.003185212724231493,0.005525850561233086,0.006763500986660258,2.0824929408722637e-6,3.9399325895409887e-4,s2600
9.215774255947273e-6,0.002123056305258019,9.215774282252127e-6,0.0019243946175098213,9.215774699484744e-6,9.215807692705016e-6,0.002281323440929324,9.215777075698531e-6,0.9936251467282967,s2602
0.782139353156075,0.03758633635123169,0.18024392164976796,5.06480666669308e-6,5.064806745560548e-6,5.064807702554076e-6,5.064806976445829e-6,5.064806826641681e-6,5.064808007444566e-6,s2604
2.5088672450010557e-6,0.9848259566345936,2.508867242519552e-6,0.0011137215323120263,2.508867321265299e-6,0.001079993496534909,2.5088729508611574e-6,0.01296778399324517,2.5088685546150208e-6,s2610
2.0823647077395154e-6,0.9989393730014391,2.0823647089259214e-6,2.0823647077057467e-6,0.0010460504454856154,2.082364779551671e-6,2.082364712346593e-6,2.082364717169389e-6,2.0823647418471478e-6,s2615
0.07009936688268482,8.448277461441237e-4,2.9154325292087502e-6,0.826708798099079,2.9154322353953617e-6,0.06988712928272699,0.0018428549404324037,2.9154332673364666e-6,0.03060827675090059,s2627
0.008001398640064971,0.13469613313165538,0.02046460285947531,0.7587728601768746,0.07388566394252319,0.002938998832753517,1.6362974633563774e-6,1.636294232809878e-6,0.0012370698249567972,s2630
0.5286128529220281,6.848979461379084e-4,2.2586877472384637e-6,0.22723197409016774,2.258687080211244e-6,2.258691956031345e-6,0.24059486766641733,2.258687228684675e-6,0.00286637262123686,s2634
0.002040781342689111,0.6813693281574055,0.009361371351179485,6.623170722513893e-4,0.049589233014620836,0.24403276860838674,1.7835495528028283e-6,0.007729199212750582,0.005213217691163636,s2643
2.4170139403776152e-4,0.6392956556653357,0.03159942399605475,0.26788344191141245,0.04829635768531676,0.012673828344037323,3.1970072554705135e-6,3.1969961701533095e-6,3.1970003797104873e-6,s2680
0.4168033717845353,0.007449856980295729,2.9118044033762184e-6,0.2115388029672831,2.911804354944625e-6,2.911814323195193e-6,0.36419340923087995,2.911805285530388e-6,2.9118086388145382e-6,s2696
0.004046349587272496,0.930285402571924,2.594525011500527e-6,2.594524755033241e-6,0.04912599355793551,0.005445698560342173,0.002358514801830152,2.594525088034819e-6,0.00873025734584112,s2699
4.062190576545401e-6,4.062191343021207e-6,4.062191956997559e-6,0.9786276099386416,4.062192357639465e-6,0.0011279843056382494,4.062198359343343e-6,4.062191213769959e-6,0.020220032599912872,s27
3.1072612520404983e-6,0.9679022814353305,3.1072613665794977e-6,8.417727434644682e-4,0.01233068999647599,0.004981042012277002,3.107266657876547e-6,3.107262721754552e-6,0.013931784760453847,s2711
2.3994876363429693e-6,0.8482121479018014,2.3994875852177538e-6,2.3994876012624103e-6,0.004037894564062822,0.14773556059987758,2.399493505644391e-6,2.3994880911929644e-6,2.3994898384413015e-6,s2716
0.022113242187300198,0.002278844679427312,6.7526381402365266e-6,0.0021355075375377053,0.9414007421907026,0.019255392173476327,6.752649397342671e-6,6.7526380966084946e-6,0.012796013305921648,s2727
0.01624171342748441,0.9825380807613133,6.626691958851287e-6,0.0011804456484303966,6.626692042850765e-6,6.6266987583911695e-6,6.6266947554270056e-6,6.626691963811703e-6,6.6266932924086005e-6,s2731
3.523141277155283e-6,0.4195058119406918,3.5231419072785043e-6,0.5800906661042534,3.523141516609734e-6,3.5231414875925966e-6,3.5231411322447954e-6,3.523141230651171e-6,3.823831065033445e-4,s2740
0.5954626626858727,0.03887143493872003,1.3764257839415736e-6,0.3471514783315193,0.018296119172279992,1.3764274790921577e-6,1.376433070651704e-6,1.3764257693248596e-6,2.1279915950489327e-4,s2780
3.19729667637858e-6,0.6877673731067919,3.1972971050098407e-6,0.24263910971568978,0.06957433338124158,3.1973000498790867e-6,3.197306928820627e-6,3.1972967157003018e-6,3.1972988009440027e-6,s28
0.23494474834826728,9.950891155457561e-4,5.69516553919303e-6,5.695165438099161e-6,0.0017138755820605978,0.019743812617795984,0.7425796936679665,5.695166253992637e-6,5.695171132531759e-6,s2827
0.16688112695732132,1.3503109897585843e-5,0.00230294477245072,0.7990885713781655,1.350311009620309e-5,1.3503159712286256e-5,0.0316598412859317,1.3503110734488046e-5,1.3503115690165985e-5,s2863
1.569204702187903e-4,0.9964163357391413,1.4667781202508223e-6,4.4177914906905636e-4,1.561196858739985e-4,1.466782748645207e-6,1.4667808675068523e-6,1.4667779772363856e-6,0.002822977835983154,s2864
2.032014449708346e-5,0.0033063577333741863,0.06529810748243482,0.9312736138871994,2.0320144515079498e-5,2.032015130737288e-5,2.0320166783676678e-5,2.0320144871042536e-5,2.0320145017258332e-5,s2866
0.11322957913685013,4.229129881291452e-4,2.0655055022065962e-6,5.775636173610548e-4,2.0655056530121295e-6,0.010957801768153247,0.8720486470913538,2.065506104478147e-6,0.002757298880892812,s2878
0.39562295157603633,4.8374199725922755e-4,1.530215195184239e-6,0.5632587550892498,0.022981194791829977,0.004602385815919501,0.013046380080241863,1.5302152290321403e-6,1.530219039078491e-6,s2884
1.6331044236179547e-6,0.9699477467249356,1.6331043120652506e-6,0.0055711636539270935,7.937008699618547e-4,0.017835656080204217,0.005410235836527789,1.6331045722476554e-6,4.3659752113546274e-4,s2886
1.824740139599115e-6,0.9789048326300694,1.8247402243603885e-6,4.888520381778586e-4,1.824740230071231e-6,9.687671719422511e-4,1.824742055327722e-6,0.01962842445199064,1.8247451705065927e-6,s2890
9.308055981944488e-6,0.022360766725663696,0.6189424957368616,0.0024187546269745282,9.083079037192189e-4,0.024066258366974746,0.33127549245876353,9.30805356379131e-6,9.30807149708015e-6,s2895
0.3186487554672931,8.569196591598497e-4,2.922967406365529e-6,0.15890169252064076,0.005575353298296579,0.1653842228402871,0.3345653215890165,2.9229668527960693e-6,0.016061888691047008,s2898
2.7600946953077258e-6,2.760094760281015e-6,0.010866805654724187,0.9600946248011886,2.7600949078654355e-6,0.02902200896418716,2.760103887390536e-6,2.7600950162916785e-6,2.760096632901414e-6,s29
2.2328982247348944e-6,0.9619313618130835,2.2328982117478198e-6,2.2328982335217982e-6,0.031909470241049905,2.2329059957498318e-6,2.2329032887569585e-6,0.006145770542730111,2.2328991820172147e-6,s2910
2.0447187386593348e-6,0.0018334373414147787,2.0447188144204946e-6,0.9980014045062552,1.5288982206621463e-4,2.04473062859811e-6,2.044724061619707e-6,2.044718715877134e-6,2.0447193046199542e-6,s2919
0.00704164951499338,0.9722806707695746,2.2731381528881062e-6,1.0381433982662847e-4,0.017367970437900865,4.925441538096418e-4,2.2731432765238392e-6,2.2731383326534326e-6,0.002706531364132919,s2953
2.965371600092487e-6,0.9700796364297758,2.9653716072652747e-6,2.9653715847321713e-6,2.9653717264014794e-6,2.965379787001953e-6,2.9653798343125292e-6,2.9653720690915183e-6,0.02989960595201534,s2968
2.918190067020464e-6,0.9356836449322505,2.9181903099624066e-6,0.062111754582242745,2.918190360182616e-6,8.83433817539281e-4,2.918197874699472e-6,2.918190544997859e-6,0.00130657570881068,s2970
3.0328277371283968e-6,2.569458070772457e-4,0.032559077657429374,0.0010314849917964133,3.03282774720069e-6,0.5041930603212299,3.0328285871550253e-6,3.032827752328912e-6,0.46194729991064337,s2986
2.2745855270534003e-6,6.725857262372102e-4,2.2745854962175224e-6,2.2745855000794675e-6,2.2745855066032754e-6,2.274588268042682e-6,0.9993114921722682,2.2745855556505607e-6,2.2745856409063293e-6,s3
2.4746505231664504e-6,0.9718143137822477,2.474650740260091e-6,0.025128191909600472,2.4746506393888995e-6,0.003042646392462275,2.4746575739035317e-6,2.474651107076184e-6,2.4746551057386046e-6,s30
1.3116830275071598e-5,0.8836970098117799,1.3116830778197434e-5,1.3116830378222608e-5,1.3116831148359868e-5,1.3116872983009408e-5,1.3116856157449789e-5,0.11621117228963242,1.3116846867461963e-5,s3008
1.2194888588590274e-4,0.9910982769641551,7.388573688093376e-4,6.676696103255152e-4,2.353632836122832e-6,0.0021446051603674168,0.003708805336332574,2.3536330298295778e-6,0.0015151294082582241,s3016
0.5391590775315297,2.5393790180649557e-6,2.5393791968223916e-6,0.12402019004474416,2.5393791060025504e-6,2.5393875152108535e-6,0.3368054961347722,2.539379587328285e-6,2.5393845305057144e-6,s3021
0.08158576339971836,0.2561220990937516,0.03804175208229958,0.36013857789122206,9.425701681916788e-6,0.1709757725738475,0.09310775783347955,9.42570306106998e-6,9.425720938331125e-6,s3024
7.093860560606896e-4,0.0042547100734873725,1.6469365190828081e-6,0.8144589081469048,0.17981015636395317,7.602516089512517e-4,1.6469392135099696e-6,1.6469366628245314e-6,1.646938247360329e-6,s3047
0.012809479477672159,0.12834655305865592,3.3804593071790606e-6,0.7933025851715444,0.0038680712430645076,3.380470311257537e-6,0.05313878984081895,3.380458535050865e-6,0.008524379820090536,s3055
3.2128881987524354e-6,3.212888236017886e-6,3.212888208302397e-6,0.9135353827833759,0.07211522163597944,0.01016941898296117,0.004163912154490867,3.2128885515015065e-6,3.212889998064317e-6,s31
0.003511608896523093,0.5854654039627899,7.443572134689873e-4,0.4102672771657883,2.2705521948802353e-6,2.270552268771082e-6,2.270552109193416e-6,2.270551992054916e-6,2.270552864818751e-6,s3125
3.517844756554032e-6,0.9842057999983485,3.517844830172797e-6,0.002294855053399462,0.012979821340433179,5.019343756529936e-4,3.5178505787860664e-6,3.517845066538701e-6,3.5178469339948503e-6,s32
1.3003351879323951e-6,1.3003350344368861e-6,0.06201406530775921,0.892938444251208,1.300335119441109e-6,0.025307576729108886,0.0015120467169374553,1.3003355936195958e-6,0.018222665654051003,s3238
0.0017845970723462553,0.9884411945576619,1.633537259976073e-6,1.6335367010712945e-6,0.006490528663818726,0.002382685321339149,1.6335401582502865e-6,1.6335369286626532e-6,8.94460233785985e-4,s3289
0.7765403431401159,0.003606710235108355,0.1876117431409848,0.0012963429675310924,8.013283275498503e-6,8.013282803942029e-6,8.01328535548537e-6,8.013282866247148e-6,0.03091280738195865,s33
0.002176335314826715,0.0015248952334854327,1.617822905919132e-5,1.6178229325481144e-5,0.0026467849694118634,1.617825796147161e-5,1.6178259287540826e-5,1.6178229601807503e-5,0.9935710932770405,s333
0.0237781322015667,0.19195596938234716,0.0017462826262072126,0.48707020578914156,5.433643571929094e-4,0.25367854051043887,0.0024543285051257923,2.691779136780916e-6,0.03877048484884308,s3342
3.598238425344418e-6,0.92215910214764,3.5982385655868047e-6,0.0015017026677750797,0.056749688604953705,3.598252808084264e-6,3.5982430569994375e-6,0.016709444630680827,0.0028656689760944653,s34
2.4564661965972746e-6,3.961032992455671e-4,2.45646687952846e-6,0.9873978344487002,2.4564664396613604e-6,0.007693712766179507,2.4564724810114296e-6,2.4564673706978236e-6,0.004500067146507298,s3402
2.763694744860966e-4,0.9787887289901763,2.317384090530835e-6,0.009176125371691301,0.004470647137143068,2.3173949422215085e-6,2.3173878817412885e-6,0.007278859474228054,2.31738536069861e-6,s3433
0.17946454433697528,2.1441745468319564e-4,1.3934399530670563e-6,8.470541649358754e-4,1.3934401406680727e-6,1.393444554494502e-6,0.8190539382746584,1.393440364791518e-6,4.144720037341525e-4,s3485
0.007315823840788616,0.09791871685563387,2.4679904851741547e-6,0.5685004160124513,0.027536545425835012,2.467998846513971e-6,0.001434891784904783,3.3768078483994106e-4,0.2969509893062148,s35
0.5400488284185582,0.00300276159588934,2.8152864848679467e-6,0.23290644508771988,2.815286257365685e-6,0.0026906737161718824,0.22134003003003633,2.8152866683953068e-6,2.815292213821511e-6,s354
2.099504826807575e-6,0.9649397495925065,2.099501797868576e-6,0.005414545737462243,2.099501754327649e-6,0.024969817611506222,2.9199224118496255e-4,2.099502690405685e-6,0.004375496806270616,s3566
1.114169162374111e-6,0.5807850231666744,0.0010932537419528821,0.09494479024662585,0.012145793222048647,0.19632125774131143,0.07916855510693856,1.11416946753777e-6,0.035539098435818456,s3572
0.010934664533768026,0.9725528537959057,1.446672075674812e-6,1.446672030022515e-6,0.015481433595509277,0.0010238147077004719,1.4466756601733773e-6,1.4466723828783698e-6,1.4466749678029192e-6,s3573
0.3542629524102974,2.2811613135615045e-6,2.2811615908331277e-6,0.5713608199100872,0.03815335911196964,0.00683479155069653,0.02863683381742946,2.281161864579798e-6,7.443997147506908e-4,s36
2.5624881352401998e-6,0.9772081511077314,2.562488376784671e-6,0.022001937503335973,7.745364486834489e-4,2.5624911581217063e-6,2.5624896327528807e-6,2.5624885328384783e-6,2.562494413437864e-6,s37
5.372770559718282e-6,0.0019273477448060246,0.4890221543897327,5.3727705961445395e-6,5.372770741983655e-6,0.1899784296858425,5.37277856040041e-6,5.372770909288137e-6,0.31904520431825134,s38
4.096768340198337e-6,0.9969442482157388,4.09676838446399e-6,0.0030270743839710536,4.096768392557775e-6,4.096783073291088e-6,4.096774789150965e-6,4.09676834865121e-6,4.096768961715894e-6,s382
2.27916916394361e-6,6.610761366127529e-4,2.279174248683057e-6,0.9508595075237917,2.2791692291029e-6,0.04739715924968275,2.2791762936596405e-6,2.279169564286694e-6,0.0010708612314131692,s39
0.033790919054669584,5.442502052247152e-4,3.7647199677238395e-6,0.8336310638324719,0.12767867156210527,0.004340036448436958,3.7647268360397823e-6,3.764720690474711e-6,3.764729597472331e-6,s391
0.004137622553958306,0.30816479125872837,1.3861679470840025e-5,0.6149904673174467,0.004819924533989686,0.002449628490652122,0.04289354302549209,1.386167895102831e-5,0.02251629946131093,s399
6.791835194458824e-6,0.3870613515498968,6.791835225320208e-6,0.015042066687825269,0.008777704945580861,0.5047881312732512,6.791848365436196e-6,0.08430357817949131,6.791845169331631e-6,s4
0.0025146908585756246,9.579840908882895e-4,4.9995081537866e-6,0.9574242631939658,0.03882573147705834,4.9995078159254684e-6,4.999508121725539e-6,4.9995078171474126e-6,2.573323476034472e-4,s40
0.0020299660155466623,0.958492215266739,4.184433536647518e-6,0.002363769870743393,4.184425862884437e-6,0.004434706788658085,0.027653576661589456,1.430768962627988e-4,0.00487431964106098,s41
2.900231066106475e-6,0.9488337297581847,2.9002313256826664e-6,0.04632881544281796,0.002540536135227682,2.9002385888255327e-6,0.0022824174948625144,2.9002314955742627e-6,2.9002364309570634e-6,s42
3.18290014963272e-6,0.9162277194221388,3.1829004113313584e-6,3.182900224343135e-6,3.1829004633772902e-6,0.08299102841259501,3.182910064139008e-6,3.182901041216477e-6,7.621547529122559e-4,s43
1.4075440888544292e-6,0.9442179171908898,0.018623408678653645,6.929984835902023e-4,1.4075442390989084e-6,0.029557846935953206,1.4075468022924712e-6,0.00654775074809018,3.558553276928334e-4,s434
0.053783738217364166,0.8408320434196639,0.002069480294835796,0.045227522237893836,0.009774282025162461,0.007927792932979426,0.04037751067594485,3.815093168835321e-6,3.815102986790135e-6,s44
4.593729354384828e-6,0.42758632138239355,0.002659706636307019,0.5259821084304693,4.5937304850508585e-6,0.04374889487761794,4.5937365360890275e-6,4.593730748231301e-6,4.593746088412731e-6,s45
0.04390206232090119,0.7562232031585526,3.5002446314215786e-6,3.500244487266074e-6,0.18512185024838942,0.0018283742366197234,1.4733732227037463e-4,3.5002446371032266e-6,0.012766671979510962,s46
2.5641341298839456e-6,0.3331722987272124,0.011687679090470155,0.4302371930035617,0.015194709247602717,0.20969786338116425,2.564141957616745e-6,2.564134577474816e-6,2.5641393238470463e-6,s460
2.1947754196525013e-6,3.4748618781789073e-4,2.1947682198509396e-6,0.9789489836726369,2.194768194424006e-6,0.010846007295012741,0.008479995302854725,2.194768431743626e-6,0.00136874846141206,s466
0.29148053397577606,7.646687759524308e-6,0.7038226939805653,7.646687632106154e-6,7.646688177058244e-6,0.004650891888718805,7.646707584304118e-6,7.646688784749434e-6,7.6466950021449e-6,s47
3.132794403713357e-6,0.39744603253763766,3.1327944530188062e-6,0.5549673212742863,0.04756784939683005,3.1328122418536103e-6,3.1328006858436844e-6,3.132794438590764e-6,3.1327950230216406e-6,s48
2.3158024526124793e-6,0.9723136102030387,2.3158024369305134e-6,2.3158024558242423e-6,0.02680128657681317,4.659373447636815e-4,2.3158068768624984e-6,2.3158025294114705e-6,4.0758685863281273e-4,s49
9.8484997789731e-4,0.006105230994496736,0.0024017011549335118,0.5069186709195483,0.4827192578090198,1.7484840175762437e-6,1.7484829655322946e-6,1.748481498210529e-6,8.650436956230781e-4,s499
4.993989086990491e-6,0.5352018458257701,0.0036850554394152915,4.993989060800726e-6,0.08977142744004464,0.15463879691588323,0.2166828984214262,4.9939892483725225e-6,4.993990064372736e-6,s5
2.032664426836173e-6,0.9477660669694852,2.032653535058621e-6,0.02190538434013655,0.010143840902866054,0.011911199300281011,0.008265377856541372,2.0326542855036226e-6,2.032658442462464e-6,s50
0.02241372484237957,0.6961892594336733,0.001275051639729871,0.011914912043225725,0.017816555989189235,0.23168784012020405,0.018695268683630986,3.693616623136375e-6,3.693631344201334e-6,s51
0.46491561696157546,4.0668159235189254e-6,0.5139098419778453,0.0019862327729594075,0.018744927516767745,4.066821338269423e-6,4.066832857840175e-6,4.066816235660411e-6,4.271134844967992e-4,s517
2.039740599282867e-6,0.5716576039163572,6.83640930274809e-4,0.1717438358205258,0.024664927634333797,0.09782532507233427,0.05520952423269842,2.0397412138170218e-6,0.07821106291166258,s52
3.3851794554155255e-6,0.0017622103777690703,3.385179544656826e-6,0.9937171772242481,0.004500301300052193,3.385189273720761e-6,3.385182382610908e-6,3.3851808524042065e-6,3.3851864218047037e-6,s53
1.4083346773763496e-4,0.9989197526098146,1.8854775192774106e-6,2.2421852980680036e-4,1.8854775216888846e-6,1.8854775471650697e-6,1.885477646823357e-6,1.8854775286452885e-6,7.057680048774204e-4,s535
2.3578031695334203e-6,9.097649600454631e-4,2.357803413168564e-6,0.9990737304168524,2.357803407053519e-6,2.357803172847972e-6,2.3578031626875065e-6,2.3578031772600765e-6,2.3578035995548076e-6,s54
9.740945496697062e-6,0.0061874347542109475,0.9326825669076253,0.0014669434162392825,9.740945825016972e-6,0.048855533875504016,9.74095617681888e-6,9.740948782297192e-6,0.010768557250139551,s55
4.502595931024521e-6,0.9897773872829994,4.5025960403078075e-6,9.351420794881306e-4,0.009260455061660294,4.502595911920224e-6,4.502595905276814e-6,4.502595906720401e-6,4.502596157058519e-6,s559
0.014278351518589047,0.01962738480023943,0.0038366011282217156,0.8549365000255236,0.013732679577288328,0.011549104872442739,0.004107712330078572,2.2191709298287283e-6,0.07792944657668686,s56
2.3371050827649555e-6,0.958561855980188,2.3370973303655374e-6,2.3370970867090926e-6,2.3370973474106024e-6,0.0326969438302169,0.008388346998020709,2.3370973750773688e-6,3.411676973521408e-4,s57
0.5975128524549672,3.4440471138060344e-4,2.1351060394835627e-6,9.971040945073574e-4,2.1351061339550265e-6,2.1351108430116384e-6,0.3773897363777323,2.135106359543019e-6,0.023747361932036505,s576
0.19932064431607924,2.592542158444371e-6,2.592542340691985e-6,0.25498205309732846,2.5925421573052877e-6,2.5925447630071875e-6,0.5456817473284308,2.5925423431609343e-6,2.5925443990035274e-6,s58
3.566276403739088e-4,0.002082283050059392,2.8296100263497167e-6,0.8057173458551118,0.14599983995033264,0.037708806407451896,2.8296161364737803e-6,2.829608173262842e-6,0.00812660826233437,s588
0.3637829162216323,8.797508856805146e-4,2.8179750930595334e-6,0.5428561048535059,2.817974840628288e-6,2.817976560214994e-6,0.09246713816243204,2.8179748941799815e-6,2.8179753611746534e-6,s59
5.273815676338066e-6,0.0012436487459154921,5.273813630805982e-6,5.273813135192207e-6,5.273813107967977e-6,0.8675409397529645,0.0897435686715811,5.273813300054831e-6,0.04144547376068855,s6
5.480376931817098e-6,0.9935168927154259,7.408962970651107e-4,0.0010624139500373946,5.4803773486887204e-6,0.002941820606665538,5.480381793175864e-6,0.0017160549100722943,5.4803846601067566e-6,s603
0.0011039790856973073,0.991471188140067,5.572178460775915e-6,0.0012751276299588458,4.480446024682504e-4,7.751299223579517e-4,0.003713361890575085,5.572178168308635e-6,0.001202024372246557,s605
0.003163761123134893,0.24555032413016475,0.0013582252184846414,0.4826983721402917,0.020930378185315023,0.23326384541809247,3.0827078172046635e-6,0.010480795884072424,0.0025512151926269247,s61
3.2502820467633164e-6,0.9999739977329143,3.250282124590345e-6,3.2502820613252036e-6,3.250282216579367e-6,3.250287021888272e-6,3.250284639835043e-6,3.2502823647454305e-6,3.2502846099392795e-6,s616
3.5224096471622634e-6,0.9960113761819327,3.5224096563634134e-6,3.522409655992599e-6,0.003963966944201612,3.522411421943987e-6,3.5224137249063563e-6,3.522409789758877e-6,3.5224099695055342e-6,s62
0.40823250965412416,0.15490186903702766,0.028611760118605233,4.07854821250834e-6,0.2770763135780187,0.12419558162446137,4.0785514071506895e-6,4.078550049495713e-6,0.006969730338093655,s622
1.40511061164551e-5,0.002315177062948474,0.8143097491782825,1.405110664740833e-5,1.4051107587115023e-5,1.4051126040257285e-5,1.4051122191095605e-5,0.18329076704900008,1.4051141186662335e-5,s623
3.878100770602946e-6,0.0017664944421922225,3.878120277829784e-6,0.8925022919348744,0.10517982863906852,3.878106355619973e-6,3.878104009629095e-6,3.87810170260559e-6,5.319944507484982e-4,s626
2.4201967274826066e-6,0.9868175241784362,0.0025778625106112254,2.420196711031374e-6,2.4201967480875724e-6,0.006369285705342753,2.4202046432870774e-6,0.004223226613408669,2.420197371247791e-6,s628
5.037446751044599e-4,0.17331155042590338,4.829782226947561e-6,0.0014613928951970358,4.829782026704191e-6,0.824699163096078,4.829781370091064e-6,4.829781004078296e-6,4.829781089228658e-6,s63
0.002877477867449991,0.9608164301701027,3.607227963247725e-6,3.6072278815727334e-6,0.014160610241731392,0.001547520989152256,3.6072361641072846e-6,3.607227933585909e-6,0.02058353181162116,s630
2.770461445276315e-6,2.7704614888678116e-6,0.04148447952708626,0.9566114476786483,2.7704616813889616e-6,0.001245062417516258,2.7704703498842926e-6,2.770462026381534e-6,6.451580597574805e-4,s64
3.788892302960429e-6,0.9895069003037315,0.0017458751201685748,3.7888923977288813e-6,3.7888928703780905e-6,0.005234355540904347,3.788897395446529e-6,3.788894956660334e-6,0.0034939245652724337,s646
2.667862222377937e-6,7.389111706419281e-4,2.667862238644656e-6,0.9835252008836401,0.01571988077225796,2.6678622231846093e-6,2.667862221110448e-6,2.667862222591982e-6,2.667862332032274e-6,s65
6.039847488312129e-6,0.13077287966068118,0.29936700582035497,6.039847704749521e-6,0.08409326371151053,0.21276445626546786,0.008762858748405263,6.039849986001437e-6,0.26422141624840123,s656
0.06607941962252756,0.0763627672252819,5.2226726206220265e-6,0.8028409488536729,0.049915108151313975,5.222682146357422e-6,5.22269533601881e-6,5.222673316584724e-6,0.004780865423784133,s658
0.4162512230505736,1.2486590156779033e-4,1.9745735991489395e-6,0.1744101502202729,1.9745735803452045e-6,0.06095604239036793,0.3482498201412622,1.9745740446728635e-6,1.9745747315139144e-6,s66
0.21100174624607945,0.0014122310703916345,3.7620066585518466e-6,0.05104825641591992,3.762006926934528e-6,0.6843247249801284,0.003563523202845994,3.762007314723125e-6,0.04863823206373438,s662
2.7338531678440673e-6,8.039021622261756e-4,2.733853222132284e-6,0.985543314424909,2.733853274889636e-6,2.7338534267935517e-6,2.7338531605893656e-6,0.013636380290107707,2.7338565050115326e-6,s669
4.7219190501403014e-4,7.630024350637684e-4,2.270096328293081e-6,0.9324670824115696,0.061276016943355306,0.005012625909689127,2.270104940227645e-6,2.2700964830812907e-6,2.270097556586032e-6,s67
3.1776862239986156e-6,0.7105601292991384,0.010079659178786692,3.1776836036369527e-6,0.005806752751165361,0.2626159255573151,3.1776900652218514e-6,0.0103229836304214,6.050165232801864e-4,s68
4.728484774321696e-6,4.728484930573339e-6,4.728485115765675e-6,0.8727704721765261,0.12719642842956128,4.7284847809560105e-6,4.728484769425033e-6,4.728484770604191e-6,4.728484770928019e-6,s680
8.271126858258957e-6,0.7749701913469711,0.004080157345846444,0.0312554626518856,0.06531305190597572,0.057645596338890916,0.06283231951125183,8.271128959336646e-6,0.003886678643360825,s684
2.6295103026187413e-6,0.8863930455464154,0.015005552684901086,0.06074890857331678,0.01111350161629873,0.0027106434827372243,2.6295153028423156e-6,0.02402045955418541,2.6295165397994487e-6,s69
3.176349275183077e-6,3.1763451327386845e-6,0.005705736186704104,0.9942720293797175,3.1763454194039933e-6,3.1763472839172898e-6,3.1763452134277105e-6,3.1763454653303886e-6,3.176355788467543e-6,s7
2.380134141181488e-6,0.9487310762724517,2.380131466525674e-6,2.380131303841739e-6,2.3801315432848018e-6,0.04088835736856277,6.183678700898385e-4,2.380133015698074e-6,0.00975029782742527,s70
6.40581123331889e-4,0.9799183806496933,3.070982467073093e-6,0.011966556382767722,0.0036885170965235423,0.003773680806545362,3.0709879919272386e-6,3.0709829919712323e-6,3.070987687225706e-6,s71
5.893197304546903e-4,0.545255145183153,2.91192913076497e-6,0.38081077095115573,0.02884430185514346,0.03635524433296282,0.001192099206955763,2.9119299683779612e-6,0.006947294881075441,s72
4.5946761210340575e-4,0.9305453232168798,3.766182892628758e-6,3.7661825880479865e-6,3.766183050330271e-6,0.05931204545579236,3.766190606749442e-6,3.7661837309877396e-6,0.00966433279235568,s728
0.007013197447630238,0.34774822864451815,0.001095003957206337,0.5385362551580524,0.0028557691970151552,0.043334362686660355,0.037127203697469705,3.2180690425155757e-6,0.022286761142405097,s73
0.31830398522787257,7.455974482362235e-6,7.455977339578618e-6,0.15427806921461254,0.0870442346077577,7.456000090114576e-6,0.26707142902387515,7.455976444598869e-6,0.17327245799752541,s737
2.5510249552327628e-6,0.9999795918003558,2.551024954422994e-6,2.551024954503825e-6,2.551024955075877e-6,2.5510249558897016e-6,2.551024954430252e-6,2.551024954585258e-6,2.551024960110891e-6,s74
0.18544172454532423,0.805563590054408,4.2783409838156185e-6,4.278340737489842e-6,4.278340882466222e-6,0.005168248069677619,4.278348622297874e-6,4.278341553692261e-6,0.0038050456178103597,s745
1.951018307979761e-6,0.8473751103654399,1.9510145491220212e-6,1.9510144625296685e-6,0.006890324022835522,0.14542548015185142,2.99330379040368e-4,1.951015045365583e-6,1.9510184678474194e-6,s75
0.329052091957349,3.747671422809124e-6,3.7476714696693782e-6,0.032787818729131925,3.7476719036744487e-6,0.07817883616981766,0.5599625147716228,3.7476727959432616e-6,3.7476844864678103e-6,s751
3.8076070014013687e-6,3.807600238278613e-6,0.2243097486075545,0.0013005156557027667,3.8076001769142547e-6,0.7355060270111207,3.807600445435102e-6,3.8076005120479636e-6,0.038864670717247946,s76
0.003265916988542859,0.9360859746164764,3.998758577796627e-6,0.008408553664967606,0.00818120688871099,3.998782019319847e-6,3.998768137654531e-6,0.044042352763642746,3.998768924671185e-6,s77
5.418693012042801e-4,0.39509567755512853,0.012698715086462848,0.536341223055319,0.005469649945697209,0.04880087572742528,3.239123904874626e-6,3.2391123292817212e-6,0.0010455110925287625,s78
4.119649133992317e-6,0.3878559058531308,4.1196493836058695e-6,0.6028135524995092,4.1196496248980675e-6,0.00930582372883033,4.119657618854296e-6,4.11965064323577e-6,4.119662125158213e-6,s79
6.78233210965353e-6,6.782332298734286e-6,6.782332250270487e-6,6.7823322843432415e-6,0.935660583015146,0.02722148327664945,0.0075176220128567355,6.782334406360035e-6,0.029566400031998452,s8
2.478675114117634e-6,0.8813344278150937,2.478644204593465e-6,0.004858817684950221,0.011611754631097723,0.05518738760913871,5.778413934446581e-4,0.044884650639700575,0.0015401629072556925,s80
0.8980743333021022,5.47993449995406e-6,5.479936426814913e-6,5.4799344775993676e-6,5.47993500085127e-6,0.0028351860292618013,0.0902263025682176,5.479936283046082e-6,0.008836778423730166,s808
3.680195680660584e-6,0.7454336609413054,3.6801961759167185e-6,0.22784007831963485,0.026704179543284103,3.6802051521153896e-6,3.6801988140443533e-6,3.680196357319546e-6,3.6802035956234425e-6,s809
6.169434273944768e-6,0.002786458864337639,0.5847389819588403,6.16943422497827e-6,6.169434231780699e-6,0.2088064912282252,6.1694463325760854e-6,6.169434476389352e-6,0.20363722076505722,s81
0.013263644550213689,0.8351149122834242,3.3567141538099193e-6,0.1415122257791915,0.01009243381469464,3.3567149113834e-6,3.3567138428737547e-6,3.3567138657618305e-6,3.356715702134063e-6,s82
0.08818452797227647,0.12842094426716796,3.187086442171947e-6,0.7137560259906149,0.021783676649178473,0.02428172252343941,3.187095296146763e-6,0.014952550348728928,0.008614178066855474,s83
2.805741360553381e-6,0.9038968422573858,8.395795765111444e-4,2.8057414057224685e-6,2.8057415396810777e-6,0.09160265935704298,2.8057438501510464e-6,2.805741894055196e-6,0.0036468900990099294,s84
3.8793791582797073e-4,0.43762739396689787,2.170202126684459e-6,0.5475162337568054,0.013553255280951576,2.1702083517793405e-6,2.170206222132205e-6,2.1702020675053026e-6,9.064982607490917e-4,s85
3.922484295475944e-6,0.99728186766068,3.9224844193027224e-6,3.922484333136015e-6,3.922484554954359e-6,0.002690674937098391,3.922492001834157e-6,3.922485249298049e-6,3.922487367584476e-6,s857
2.8221940361683633e-6,0.9890294964769567,0.002499556463365555,0.0010966620163505101,0.0063150066366375,4.633914612547078e-4,5.874203603891702e-4,2.822194035815351e-6,2.8221969738440507e-6,s86
2.0864623288933788e-6,0.922794101839399,2.08646231794822e-6,6.526199641354103e-4,2.0864624373472673e-6,0.07290233877034559,2.0864662977750376e-6,1.9946836406145783e-4,0.0034431252086766337,s87
0.015332325868153626,0.7527981032848772,0.013818215786375628,0.08002441134430223,0.00366078325331406,0.10727028845185752,4.734429931152962e-6,0.01121045583561471,0.015880681745573992,s88
0.005905240943537957,3.5541405873614704e-6,3.554141029344782e-6,0.9746031033458737,0.00930441664818932,0.007000383381872211,0.003172639111820539,3.5541417976642008e-6,3.554145291921866e-6,s886
0.020340302831052398,0.9592238717360704,2.8558046999363607e-6,2.855804783193138e-6,0.01460660812784823,2.8558155363697895e-6,0.005814938262278874,2.8558050168833633e-6,2.855812713645723e-6,s89
2.848851189136577e-6,0.7038978633857752,2.848851475822175e-6,0.2737872397906767,0.009561086390614006,2.848854880366048e-6,0.012739566171008342,2.8488513329550246e-6,2.848853047484311e-6,s9
1.7849528773232338e-6,0.8468848480441792,6.599857592635655e-4,0.0046021051977616235,1.7849514641638566e-6,0.1224111839618113,1.7849604291560446e-6,0.007535053932031096,0.01790146824018257,s90
2.5029450999432584e-6,4.984740170826995e-4,2.5029451772304045e-6,0.6686372615413505,0.1692742774327347,0.03314200663749253,0.11302988220691738,2.502945952559085e-6,0.015410589328192474,s91
0.16547586984756427,0.5431077620193863,0.007738953108075932,0.1718188870820751,0.04393588000480595,0.027420804147391602,0.011841591390514125,3.4117297366502348e-6,0.02865684067044996,s917
0.0014232584488898024,0.34305118615499475,0.0010681261064405,0.5478720457284058,0.01739945350468635,0.0010565975851618377,0.0075045524030901,3.688397163431343e-6,0.08062109167116753,s92
0.10690828464202667,0.004952824351061484,0.18566503286503352,0.0015533713099806056,8.629798604220165e-6,0.44930864386026603,0.24820065977739428,8.629799068722638e-6,0.003393923596564449,s93
7.032560966639221e-6,0.0015144507010639544,0.005219561171543609,0.7895797438841694,7.032550838332091e-6,0.16653551975081624,7.0325592506339055e-6,7.0325515603643045e-6,0.037122594269790886,s94
0.0011124888343270615,0.8664449002946852,2.509141776288394e-4,0.008212125122611838,0.006981922913474061,0.09178272793175964,0.021378760039328752,2.384815735716382e-6,0.003833775870448906,s95
1.996532804911655e-6,0.9998954219404418,1.9965328328975474e-6,1.9965328171264982e-6,9.06023258560268e-5,1.996535423151759e-6,1.996533951098644e-6,1.9965328066239703e-6,1.9965330663439866e-6,s96
0.023909809026038138,0.9561921430509209,3.2610598891133627e-6,0.0019965296658633756,4.899533004183123e-4,2.55762715326325e-4,3.261065368339274e-6,3.2610595494863567e-6,0.017146019056625893,s97
3.170409128084664e-6,0.9994604462993227,3.17040910861729e-6,5.173608097624111e-4,3.1704091293825177e-6,3.170427064147512e-6,3.1704178545365356e-6,3.1704091097795452e-6,3.170409520176717e-6,s98
5.129118705785845e-6,5.129118788897746e-6,5.129118721607999e-6,0.8321220147310275,0.07857749665173926,5.1291332657923794e-6,5.1291261635308015e-6,5.1291188296411186e-6,0.08926971388275803,s983
0.006085055341099032,0.01433134905171258,1.0100507824431892e-5,0.007031320378273388,1.0100506995243742e-5,0.8853934290329041,1.0100516283020965e-5,1.0100507498987987e-5,0.08711844415740931,s99
